# query_id	url	rating
# Ratings: 0 irrelevant, 1 partly relevant, 2 relevant, 3 highly relevant.
# Pooled top-20 results for all 20 benchmark queries, refreshed 2026-07-21.
1	https://www.viamichelin.com/maps/tourist-attractions/germany/baden_wurttemberg/tubingen/tubingen-72070	3
1	https://www.trip.com/travel-guide/destination/tubingen-44519	3
1	https://wanderlog.com/list/geoCategory/199488/where-to-eat-best-restaurants-in-tubingen	2
1	https://uni-tuebingen.de/en/forschung/zentren-und-institute/brasilien-und-lateinamerika-zentrum/german-brazilian-symposium-2026/german-brazilian-symposium-2024/about-tuebingen/welcome-to-tuebingen	2
1	https://uni-tuebingen.de/en/forschung/zentren-und-institute/brasilien-und-lateinamerika-zentrum/german-brazilian-symposium-2026/german-brazilian-symposium-2024/program	1
1	https://www.minube.net/what-to-see/germany/baden-wurttemberg/tubingen	3
1	https://www.peek.com/tbingen-baden-wrttemberg-germany/r043bq8/tbingen-tour-self-guided-walking-adventure/a0g49d58	3
1	https://travel.com/regions/europe/germany/tubingen-germany-best-things-to-do-top-picks	3
1	https://www.cozycozy.com/ie/tubingen-holiday-rentals	1
1	https://audiala.com/en/germany/tubingen/university-of-tubingen	2
1	https://www.krone-tuebingen.de/en/a-holiday-in-tuebingen/holidays-in-tuebingen-and-around	2
1	https://simplifylivelove.com/tubingen-germany	2
1	https://www.letsroam.com/things-to-do/tuebingen-germany	3
1	https://www.cozycozy.com/ie/tubingen-hotels	1
1	https://en.wikipedia.org/wiki/St._George's_Collegiate_Church,_Tübingen	3
1	https://en.wikipedia.org/wiki/Alter_Botanischer_Garten_Tübingen	2
1	https://visit-tubingen.co.uk/example-day-out-in-tubingen-1	3
1	https://audiala.com/en/germany/tubingen/landestheater-tubingen	2
1	https://en.wikivoyage.org/wiki/w:Kunsthalle_Tübingen	3
1	https://en.wikivoyage.org/wiki/w:Hölderlinturm	3
2	https://allevents.in/tubingen/food-drinks	3
2	https://krone-tuebingen.de/en/seminars-celebrations	1
2	https://www.ludwigs.cc/en	3
2	https://www.ludwigs.cc/en/eat-drink	3
2	https://www.my-stuwe.de/en/refectory/cafeteria-unibibliothek-tuebingen	3
2	https://cyber-valley.de/en/events/cyber-valley-meet-up-april-2025	0
2	https://uni-tuebingen.de/en/international/welcome-center/social-events-leisure/international-bbq-1	2
2	https://cyber-valley.de/en/events/cyber-valley-meet-up-05	0
2	https://www.my-stuwe.de/en/keyword/self-checkout-en	0
2	https://www.my-stuwe.de/en/new-self-checkout-system-launched	0
2	https://www.my-stuwe.de/en/refectory/mensa-wilhelmstrasse-tuebingen	3
2	https://www.my-stuwe.de/en/refectory/refectory-rottenburg	1
2	https://www.hih-tuebingen.de/en/news/content/neuroscience-campus-get-together-2026	0
2	https://www.krone-tuebingen.de/en/urlaub-in-tuebingen/bootstouren-tuebingen	1
2	https://tuebingenresearchcampus.com/en/tuebingen/living-in-tuebingen/shopping	1
2	https://www.my-stuwe.de/en/refectory	3
2	https://www.my-stuwe.de/en/refectory/cafeteria-morgenstelle-tuebingen	3
2	https://cyber-valley.de/en/events/demo-day-of-the-cyber-valley-ai-incubator	0
2	https://www.my-stuwe.de/en/starting-signal-for-the-new-refectory-wilhelmstrasse	0
2	https://www.my-stuwe.de/en/presse/starting-signal-refectory-wilhelmstrasse	0
3	https://www.cmfi.uni-tuebingen.de/en/team/associated-scientists	2
3	https://www.uni-tuebingen.de/en/international/university/partnerships	3
3	https://uni-tuebingen.de/en/university/profile/history-of-the-university	3
3	https://uni-tuebingen.de/en/university/profile/awards-and-distinctions/leibniz-prizes	2
3	https://www.cmfi.uni-tuebingen.de/en/team/principal-investigators	2
3	https://www.timeshighereducation.com/world-university-rankings/university-tubingen	3
3	https://en.wikipedia.org/wiki/University_of_Tübingen	3
3	https://uni-tuebingen.de/en/international/university/profile	3
3	https://www.mygermanuniversity.com/universities/University-of-Tuebingen	3
3	https://www.mygermanuniversity.com/universities/University-of-Tuebingen/numerus-clausus	2
3	https://www.mygermanuniversity.com/universities/University-of-Tuebingen/master	3
3	https://www.mygermanuniversity.com/universities/University-of-Tuebingen/bachelor	3
3	https://www.mygermanuniversity.com/universities/University-of-Tuebingen/subject/economics	3
3	https://www.mygermanuniversity.com/universities/University-of-Tuebingen/subject/geology	3
3	https://www.mygermanuniversity.com/universities/University-of-Tuebingen/study-programs	3
3	https://www.matarikinetwork.org/about/university-tubingen	2
3	https://www.mygermanuniversity.com/universities/University-of-Tuebingen/subject/molecular-medicine	3
3	http://www.uni-tuebingen.de/en/university/careers/job-vacancies/page/3	1
3	https://www.mygermanuniversity.com/universities/University-of-Tuebingen/subject/psychology	3
3	https://www.mygermanuniversity.com/universities/University-of-Tuebingen/subject/computational-linguistics	3
4	https://whichmuseum.com/place/tubingen-11296/art	3
4	https://whichmuseum.com/place/tubingen-11296/history	3
4	https://whichmuseum.com/place/tubingen-11296	3
4	https://whichmuseum.com/place/tubingen-11296/best-museums	3
4	https://angiestravelroutes.com/en/museums-in-tuebingen	3
4	https://whichmuseum.com/museum/schwarzwildgehege-tubingen-26669	1
4	https://visit-tubingen.co.uk/tubingen-museums-art	3
4	https://whichmuseum.com/museum/hesse-kabinett-tubingen-26661/tickets-prices	3
4	https://whichmuseum.com/museum/boxenstop-tubingen-26662/tickets-prices	3
4	https://whichmuseum.com/museum/informationszentrum-naturpark-schonbuch-tubingen-26668/tickets-prices	2
4	https://whichmuseum.com/museum/museum-alte-kulturen-tubingen-26667/tickets-prices	3
4	https://whichmuseum.com/museum/hesse-kabinett-tubingen-26661/opening-hours	3
4	https://whichmuseum.com/museum/shedhalle-tubingen-26666/opening-hours	3
4	https://whichmuseum.com/museum/museum-alte-kulturen-tubingen-26667/opening-hours	3
4	https://whichmuseum.com/museum/boxenstop-tubingen-26662/opening-hours	3
4	https://whichmuseum.com/museum/informationszentrum-naturpark-schonbuch-tubingen-26668/opening-hours	2
4	https://whichmuseum.com/museum/bebenhausen-abbey-tubingen-26665/opening-hours	2
4	https://uni-tuebingen.de/en/faculties/faculty-of-economics-and-social-sciences/subjects/department-of-social-sciences/historical-and-cultural-anthropology/institute/faculty-and-staff/professors/thomas-thiemeyer	0
4	https://rhet.ai/en/2023/12/07/ai-in-museums-cyber-and-the-city-stadtmuseum-tuebingen	1
4	https://whichmuseum.com/museum/stadtmuseum-tubingen-26663/tickets-prices	3
5	https://www.cozycozy.com/ie/tubingen-hotels	3
5	https://www.minube.net/hotels-near/renaissance-town-hall-of-tubingen--a8286	2
5	https://www.viamichelin.com/maps/tourist-attractions/germany/baden_wurttemberg/tubingen/tubingen-72070	0
5	https://www.trip.com/travel-guide/destination/tubingen-44519	1
5	https://privatecityhotels.com/en/hotels-in/tubingen	3
5	https://www.thehotelguru.com/en-us/best-hotels-in/germany/tubingen	3
5	https://www.minube.net/where-to-stay/germany/baden-wurttemberg/tubingen	3
5	https://www.minube.net/photos/tubingen-c216356	0
5	https://www.minube.net/what-to-see/germany/baden-wurttemberg/tubingen	0
5	https://allevents.in/tubingen/buchlesung-in-tübingen/200030264654700	0
5	https://allevents.in/tubingen/botanische-lichter-tübingen-2026/200030388954738	0
5	https://allevents.in/tubingen/fortuna-ehrenfeld-tübingen-open-air-2026/200030201975201	0
5	https://allevents.in/tubingen/hardcore-winterfest-xix-hc-punk-extravaganza-epplehaus-tübingen/200029906347840	0
5	https://allevents.in/tubingen/summercamp-swingcake/200029178292132	0
5	https://allevents.in/tubingen/kilimanjaro-climb-2026/200030073314258	0
5	https://krone-tuebingen.de/en/career/benefits	0
5	https://allevents.in/tubingen/dieter-thomas-kuhn-mit-der-swr-big-band/200029774308717	0
5	https://allevents.in/tubingen/dieter-thomas-kuhn-mit-der-swr-big-band/200029810897849	0
5	https://allevents.in/tubingen/wirtschaftswunder-tÜbingen/200029885332109	0
5	https://allevents.in/tubingen/saint-city-orchestra-this-aint-quiet-tour-tübingen/200029361983129	0
6	https://www.neuroschool-tuebingen.de/application/masters-program/fees	0
6	https://www.my-stuwe.de/en/advice/tickets-for-students	3
6	https://uni-tuebingen.de/en/242932	3
6	https://www.outdooractive.com/en/route/hiking-trail/schwaebische-alb/on-the-neckar-trail-from-tuebingen-to-neckartailfingen/185974909	0
6	https://www.medizin.uni-tuebingen.de/en-de/karriere/leben-in-tuebingen	1
6	https://uni-tuebingen.de/en/108819	3
6	https://www.tuebingen.mpg.de/84569/anfahrt	2
6	https://uni-tuebingen.de/en/research/centers-and-institutes/international-center-for-ethics-in-the-sciences-and-humanities/the-izew/location	1
6	https://uni-tuebingen.de/en/study/student-life/semester-ticket	3
6	https://www.outdooractive.com/en/poi/schwaebische-alb/tuebingen-hauptbahnhof/1724364	2
6	https://www.my-stuwe.de/en/advice	1
6	https://tuebingen.ai/wiki/transportation-and-mobility	3
6	https://www.my-stuwe.de/en/organisation/studierendenwerk-fees	0
6	https://uni-tuebingen.de/en/research/centers-and-institutes/center-for-gender-and-diversity-research-zgd/about/location	1
6	https://uni-tuebingen.de/en/international/welcome-center/university-services/information-on-enrollment	0
6	https://www.outdooractive.com/en/route/hiking-trail/schwaebische-alb/tuebingen-wurmlingen-hiking-from-wurmlingen-to-the-old-town-of-tuebingen/804589721	0
6	https://www.fml.tuebingen.mpg.de/8938/directions	2
6	https://uni-tuebingen.de/en/international/study-in-tuebingen	1
6	https://uni-tuebingen.de/en/faculties/faculty-of-humanities/departments/ancient-studies-and-art-history/institute-of-art-history/prints-and-drawings-collection/prints-and-drawings-collection	0
6	https://hiiker.app/hikes/germany/tubingen/neckar-and-oberes-stenach-loop	0
7	http://www.studit-tuebingen.de/en	3
7	https://tuebingenresearchcampus.com/en/research-in-tuebingen/thats-my-science/alexander-blaessle-phd-student	1
7	https://tuebingenresearchcampus.com/en/research-in-tuebingen/thats-my-science/mayank	1
7	https://tuebingenresearchcampus.com/en/research-in-tuebingen/thats-my-science/renee	1
7	https://tuebingenresearchcampus.com/en/research-in-tuebingen/thats-my-science/celia	1
7	https://tuebingenresearchcampus.com/en/research-in-tuebingen/thats-my-science/christoph	1
7	https://tuebingenresearchcampus.com/en/research-in-tuebingen/thats-my-science/martin	1
7	https://tuebingenresearchcampus.com/en/research-in-tuebingen/thats-my-science/aydin	1
7	https://tuebingenresearchcampus.com/en/research-in-tuebingen/thats-my-science/felicitas	1
7	https://tuebingenresearchcampus.com/en/research-in-tuebingen/thats-my-science/florian	1
7	https://tuebingenresearchcampus.com/en/research-in-tuebingen/thats-my-science/vinay	1
7	https://tuebingenresearchcampus.com/en/research-in-tuebingen/thats-my-science/jay	1
7	https://tuebingenresearchcampus.com/en/research-in-tuebingen/thats-my-science/ruoyun	1
7	https://tuebingenresearchcampus.com/en/research-in-tuebingen/thats-my-science/andreas	1
7	https://tuebingenresearchcampus.com/en/research-in-tuebingen/thats-my-science/neue-project-page-3	1
7	https://tuebingenresearchcampus.com/en/research-in-tuebingen/thats-my-science/matthias	1
7	https://tuebingenresearchcampus.com/en/research-in-tuebingen/thats-my-science/marianne	1
7	https://tuebingenresearchcampus.com/en/research-in-tuebingen/thats-my-science/jan	1
7	https://tuebingenresearchcampus.com/en/research-in-tuebingen/thats-my-science/aida	1
7	https://tuebingenresearchcampus.com/en/research-in-tuebingen/thats-my-science/tim	1
8	https://www.outdooractive.com/en/hiking-trails/tuebingen/hiking-in-tuebingen/1432855	3
8	https://krone-tuebingen.de/en/a-holiday-in-tuebingen/hike-in-tuebingen	3
8	https://krone-tuebingen.de/en/holiday-in-tuebingen/schoensten-wandertouren-tuebingen-schwaebische-alb	3
8	https://www.outdooractive.com/en/route/hiking-trail/schwaebische-alb/tuebingen-wurmlingen-hiking-from-wurmlingen-to-the-old-town-of-tuebingen/804589721	3
8	https://hiiker.app/hikes/germany/tubingen	3
8	https://www.krone-tuebingen.de/en/a-holiday-in-tuebingen	1
8	https://www.outdooractive.com/en/route/hiking-trail/schwaebische-alb/on-the-neckar-trail-from-tuebingen-to-neckartailfingen/185974909	3
8	https://uni-tuebingen.de/en/international/welcome-center/social-events-leisure/calendar-of-events	0
8	https://uni-tuebingen.de/en/international/welcome-center/social-events-leisure/schoenbuch-forest-hike	3
8	https://www.komoot.com/guide/355570/castles-in-tuebingen-district	2
8	https://www.outdooractive.com/en/poi/schwaebische-alb/tuebingen-hauptbahnhof/1724364	0
8	https://hiiker.app/hikes/germany/tubingen/jupitersauele-via-main-neckar-rgein-weg	3
8	https://hiiker.app/hikes/germany/tubingen/neckar-walk/map	3
8	https://hiiker.app/hikes/germany/tubingen/schonbuch-westhang-ammerbuch-and-schonbuchspitz-loop-via-schonbuchspitzrunde/map	3
8	https://hiiker.app/hikes/germany/tubingen/neckar-and-oberes-stenach-loop/map	3
8	https://hiiker.app/hikes/germany/tubingen/gartenstadt-and-blasibad-loop-via-river-steinlach/map	3
8	https://hiiker.app/trails/germany/tubingen/schonbuch-westhang-ammerbuch-and-schonbuchspitz-loop-via-schonbuchspitzrunde	3
8	https://tuebingenresearchcampus.com/en/research-in-tuebingen/thats-my-science/talia	0
8	https://hiiker.app/hikes/germany/tubingen/tuebingen-and-gratweg	3
8	https://hiiker.app/hikes/germany/tubingen/gartenstadt-and-blasibad-loop-via-river-steinlach	3
9	https://www.eventbrite.com/d/germany--tübingen/free--business--events--this-weekend	3
9	https://www.eventbrite.com/d/germany--tübingen/health--events--this-weekend	3
9	https://www.eventbrite.com/d/germany--tübingen/free--food-and-drink--events--this-weekend	3
9	https://www.krone-tuebingen.de/en/a-holiday-in-tuebingen/events	3
9	https://allevents.in/org/freibad-tübingen/22078404	1
9	https://www.my-stuwe.de/en/refectory/events-catering-service	1
9	https://www.eventbrite.com/d/germany--tübingen/food-and-drink--events--this-weekend	3
9	https://www.eventbrite.com/d/germany--tübingen/all-events	3
9	https://www.eventbrite.com/d/germany--tübingen/business--events--this-weekend	3
9	https://www.eventbrite.com/d/germany--tübingen/music--events--this-weekend	3
9	https://www.eventbrite.com/d/germany--tübingen/free--events--this-weekend	3
9	https://uni-tuebingen.de/en/university/profile/values-and-visions/sustainable-development/competence-center-for-sustainable-development	0
9	https://www.eventbrite.com/d/germany--t%C3%BCbingen/events--this-weekend	3
9	https://tuebingen.ai/news/have-a-pint-with-your-local-scientist	1
9	https://uni-tuebingen.de/en/research/centers-and-institutes/international-center-for-ethics-in-the-sciences-and-humanities/the-izew/friends-association/support/events	1
9	https://allevents.in/tubingen	3
9	https://imprs-mmfd.tuebingen.mpg.de/5004/events-overview	1
9	https://www.ludwigs.cc/en/events-celebrations/events-at-ludwigs	2
9	https://uni-tuebingen.de/en/faculties/protestant-theology/news/news-and-events	1
9	https://allevents.in/tubingen/open-air	3
10	https://cyber-valley.de/en/news/T%C3%BC-AI-Center-Inauguration	3
10	https://tuebingen.ai/news/national-research-center-for-cutting-edge-ai-research-in-tuebingen-celebrates-inception	3
10	https://tuebingen.ai/news/from-research-to-startup-polybot-receives-order-for-ai-based-harvesting-robotics	3
10	https://tuebingen.ai/news/page-7	2
10	https://uni-tuebingen.de/en/university/news-and-publications/attempto-online/newsfullview-attempto-en/article/franco-german-partnership-for-open-science-in-physical-ai	3
10	https://tuebingen.ai/news/kyutai-and-ellis-tuebingen-launch-kesai	3
10	https://hertie.ai/the-institute/career-at-hertie-ai	1
10	https://cyber-valley.de/en/news/kyutai-and-ellis-tubingen-launch-ke-sai	3
10	https://tuebingen.ai/news/tuebingen-ai-summer-poster-event-2025	3
10	https://tuebingen.ai/news/tuebingen-ai-center-celebrates-38-neurips-contributions-at-preview-event-with-local-ai-community	3
10	https://institute-tue.ellis.eu/en/news/kyutai-ellis	3
10	https://tappa-org.github.io/	2
10	https://tappa-org.github.io/events	2
10	https://tuebingen.ai/	3
10	https://tuebingen.ai/news/veronika-eyring-to-strengthen-ai-research-on-climate-and-physical-systems-in-tuebingen	3
10	https://tuebingen.ai/news/federal-minister-for-research-cem-oezdemir-visits-tuebingen-ai-center	3
10	https://cyber-valley.de/en/news/milestones	3
10	https://tuebingen.ai/news/new-principal-investigators-join-the-ellis-institute-tuebingen	3
10	https://institute-tue.ellis.eu/en/news/new-principal-investigators-join-the-ellis-institute-tubingen	3
10	https://tuebingen.ai/news/ai-centers-are-the-foundation-of-the-german-ai-ecosystem	3
11	https://www.minube.net/what-to-see/germany/baden-wurttemberg/tubingen	3
11	https://velvetescape.com/things-to-do-in-tubingen	3
11	https://www.minube.net/place/tubingeb-a3636731	2
11	https://www.mygermanyvacation.com/best-things-to-do-and-see-in-tubingen-germany	3
11	https://www.eventbrite.com/ttd/germany--tübingen	2
11	https://www.minube.net/place/renaissance-town-hall-of-tubingen--a8286	3
11	https://www.minube.net/place/slopes-of-the-river-neckar--a569991	3
11	https://www.minube.net/place/collegiate-church-of-st-george--a8192	3
11	https://www.eventbrite.com/d/germany--t%C3%BCbingen/events--this-weekend	2
11	https://www.eventbrite.com/d/germany--tübingen/free--food-and-drink--events--this-weekend	2
11	https://visit-tubingen.co.uk/things-to-do-in-tubingen-on-the-neckar	3
11	https://www.eventbrite.com/d/germany--tübingen/free--events--this-weekend	2
11	https://thespicyjourney.com/magical-things-to-do-in-tubingen-in-one-day-tuebingen-germany-travel-guide	3
11	https://www.komoot.com/guide/355570/castles-in-tuebingen-district	2
11	https://travel.com/regions/europe/germany/tubingen-germany-best-things-to-do-top-picks	3
11	https://www.eventbrite.com/d/germany--tübingen/free--business--events--this-weekend	2
11	https://www.letsroam.com/things-to-do/tuebingen-germany	3
11	https://www.trip.com/travel-guide/destination/tubingen-44519	2
11	https://wanderlog.com/list/geoCategory/199488/where-to-eat-best-restaurants-in-tubingen	2
11	https://www.eventbrite.com/d/germany--tübingen/food-and-drink--events--this-weekend	2
12	https://www.minube.net/where-to-stay/germany/baden-wurttemberg/tubingen	3
12	https://tuebingenresearchcampus.com/en/tuebingen/preparing-your-stay	2
12	https://www.iwm-tuebingen.de/en/career/internationaloffice	1
12	https://www.thehotelguru.com/en-us/best-hotels-in/germany/tubingen	3
12	https://uni-tuebingen.de/en/faculties/faculty-of-science/studies/counseling-guide/stay-abroad	0
12	https://community.ricksteves.com/travel-forum/germany/tuebingen-stay	2
12	https://tuebingen.ai/news/stay-ahead-in-research-with-scholar-inbox	0
12	https://uni-tuebingen.de/en/61679	0
12	https://www.krone-tuebingen.de/en/room/offers/experience-tuebingen	3
12	https://uni-tuebingen.de/en/facilities/central-institutions/university-sports-center/home/newsfullview/article/3ex-program-exchange-explore-exercise	0
12	https://all.accor.com/hotel/9841/index.en.shtml	3
12	https://uni-tuebingen.de/en/alumni	0
12	https://uni-tuebingen.de/en/international/studying-abroad/ways-to-go-abroad/erasmus/erasmus-worldwide	0
12	https://tuebingenresearchcampus.com/en/tuebingen/paperwork/health-insurance/scholarship-holders-and-those-with-private-funding	0
12	http://www.uni-tuebingen.de/en/faculties/faculty-of-economics-and-social-sciences/subjects/department-of-social-sciences/education-sciences-and-psychology/study/master-ebpp/studying-abroad	0
12	https://krone-tuebingen.de/en	3
12	https://uni-tuebingen.de/en/faculties/faculty-of-science/departments/computer-science/studies/students/international/studying-abroad	0
12	https://uni-tuebingen.de/en/study/organizing-your-studies/fees/tuition-fees/tuition-fees-for-international-students/exemption-from-tuition-fees-for-students-of-other-universities-who-come-to-the-university-of-tuebingen-for-the-purpose-of-temporary-research-without-acquisition-of-ects-credits-at-the-university-of-tuebingen	0
12	https://uni-tuebingen.de/en/fakultaeten/wirtschafts-und-sozialwissenschaftliche-fakultaet/international/study-in-tuebingen	1
12	https://www.krone-tuebingen.de/en/urlaub-in-tuebingen/bootstouren-tuebingen	0
13	https://www.uber.com/global/en/r/cities/tubingen-bw-de	3
13	https://www.komoot.com/guide/355570/castles-in-tuebingen-district	1
13	https://www.uni-tuebingen.de/en/alumni/get-involved-2	0
13	https://uni-tuebingen.de/en/international/study-in-tuebingen	1
13	https://culturecravingcouple.com/tubingen-christmas-market	0
13	https://cogsciprag.github.io/context-in-cognition-symposium/location	2
13	https://en.wikivoyage.org/wiki/T%C3%BCbingen	3
13	https://uni-tuebingen.de/en/108819	3
13	https://uni-tuebingen.de/en/242932	3
13	https://www.mygermanuniversity.com/universities/University-of-Tuebingen/study-programs	0
13	https://www.mygermanuniversity.com/universities/University-of-Tuebingen/master	0
13	https://www.mygermanuniversity.com/universities/University-of-Tuebingen/bachelor	0
13	https://www.mygermanuniversity.com/universities/University-of-Tuebingen/top-programs	0
13	https://www.tuebingen.mpg.de/science-walk	1
13	https://www.mygermanuniversity.com/universities/University-of-Tuebingen/subject/neuroscience	0
13	https://www.alisonchino.com/tubingen	2
13	https://uni-tuebingen.de/en/182071	1
13	https://www.mygermanuniversity.com/universities/University-of-Tuebingen/subject/portuguese	0
13	https://www.mygermanuniversity.com/universities/University-of-Tuebingen/subject/history	0
13	https://www.mygermanuniversity.com/universities/University-of-Tuebingen/subject/econometrics	0
14	https://whichmuseum.com/place/tubingen-11296/art	3
14	https://whichmuseum.com/place/tubingen-11296	3
14	https://whichmuseum.com/place/tubingen-11296/history	3
14	https://whichmuseum.com/place/tubingen-11296/best-museums	3
14	https://angiestravelroutes.com/en/museums-in-tuebingen	3
14	https://whichmuseum.com/museum/schwarzwildgehege-tubingen-26669	1
14	https://visit-tubingen.co.uk/tubingen-museums-art	3
14	https://whichmuseum.com/museum/hesse-kabinett-tubingen-26661/tickets-prices	3
14	https://whichmuseum.com/museum/boxenstop-tubingen-26662/tickets-prices	3
14	https://whichmuseum.com/museum/informationszentrum-naturpark-schonbuch-tubingen-26668/tickets-prices	2
14	https://whichmuseum.com/museum/hesse-kabinett-tubingen-26661/opening-hours	3
14	https://whichmuseum.com/museum/museum-alte-kulturen-tubingen-26667/opening-hours	3
14	https://whichmuseum.com/museum/shedhalle-tubingen-26666/opening-hours	3
14	https://whichmuseum.com/museum/museum-alte-kulturen-tubingen-26667/opening-hours	3
14	https://whichmuseum.com/museum/boxenstop-tubingen-26662/opening-hours	3
14	https://whichmuseum.com/museum/informationszentrum-naturpark-schonbuch-tubingen-26668/opening-hours	2
14	https://whichmuseum.com/museum/bebenhausen-abbey-tubingen-26665/opening-hours	2
14	https://uni-tuebingen.de/en/faculties/faculty-of-economics-and-social-sciences/subjects/department-of-social-sciences/historical-and-cultural-anthropology/institute/faculty-and-staff/professors/thomas-thiemeyer	0
14	https://rhet.ai/en/2023/12/07/ai-in-museums-cyber-and-the-city-stadtmuseum-tuebingen	1
14	https://whichmuseum.com/museum/stadtmuseum-tubingen-26663/tickets-prices	3
15	https://www.eventbrite.com/d/germany--tübingen/free--business--events--this-weekend	3
15	https://www.eventbrite.com/d/germany--tübingen/free--food-and-drink--events--this-weekend	3
15	https://www.krone-tuebingen.de/en/a-holiday-in-tuebingen/events	3
15	https://www.eventbrite.com/d/germany--tübingen/health--events--this-weekend	3
15	https://www.my-stuwe.de/en/refectory/events-catering-service	1
15	https://allevents.in/org/freibad-tübingen/22078404	1
15	https://www.eventbrite.com/d/germany--tübingen/food-and-drink--events--this-weekend	3
15	https://www.eventbrite.com/d/germany--tübingen/business--events--this-weekend	3
15	https://www.eventbrite.com/d/germany--tübingen/all-events	3
15	https://www.eventbrite.com/d/germany--tübingen/free--events--this-weekend	3
15	https://www.eventbrite.com/d/germany--tübingen/music--events--this-weekend	3
15	https://uni-tuebingen.de/en/university/profile/values-and-visions/sustainable-development/competence-center-for-sustainable-development	0
15	https://www.eventbrite.com/d/germany--t%C3%BCbingen/events--this-weekend	3
15	https://tuebingen.ai/news/have-a-pint-with-your-local-scientist	1
15	https://www.ludwigs.cc/en/events-celebrations/events-at-ludwigs	2
15	https://uni-tuebingen.de/en/research/centers-and-institutes/international-center-for-ethics-in-the-sciences-and-humanities/the-izew/friends-association/support/events	1
15	https://allevents.in/tubingen	3
15	https://imprs-mmfd.tuebingen.mpg.de/5004/events-overview	1
15	https://uni-tuebingen.de/en/faculties/protestant-theology/news/news-and-events	1
15	https://rausgegangen.de/en/tubingen	3
5	https://allevents.in/tubingen/saint-city-orchestra-this-aint-quiet-tour-tÜbingen/200029361983129	0
14	https://whichmuseum.com/museum/museum-alte-kulturen-tubingen-26667/tickets-prices	3
3	https://audiala.com/en/germany/tubingen/university-of-tubingen	2
3	https://simple.wikipedia.org/wiki/University_of_Tübingen	2
3	https://uni-tuebingen.de/en/forschung/zentren-und-institute/brasilien-und-lateinamerika-zentrum/german-brazilian-symposium-2026/german-brazilian-symposium-2024/about-tuebingen/welcome-to-tuebingen	2
3	https://www.mygermanuniversity.com/universities/University-of-Tuebingen/subject/neuroscience	3
3	https://www.mygermanuniversity.com/universities/University-of-Tuebingen/subject/chemistry	3
3	https://www.mygermanuniversity.com/universities/University-of-Tuebingen/subject/microbiology	3
3	https://www.mygermanuniversity.com/universities/University-of-Tuebingen/subject/cognitive-neuroscience	3
3	https://www.mygermanuniversity.com/universities/University-of-Tuebingen/subject/ethnology	3
5	https://allevents.in/tubingen/hank-häberle-reloaded-i-tÜbingen/200029398649656	0
5	https://allevents.in/tubingen/house-of-house/200030345329622	0
5	https://allevents.in/tubingen/6-swt-spendenschwimmen/200030393381112	0
5	https://allevents.in/tubingen/ferryman-metal-indoor-festival-2026/200030397475538	0
6	https://hiiker.app/hikes/germany/tubingen/jupitersauele-via-main-neckar-rgein-weg	0
9	https://rausgegangen.de/en/tubingen	3
9	https://www.eventbrite.com/d/germany--tübingen/uni-t%C3%BCbingen	1
10	https://minerva4ai.eu/tuebingenai	3
12	https://kyb.tuebingen.mpg.de/new-employees	1
13	https://uni-tuebingen.de/en/international/learning-languages/learn-german/international-summer-course/the-city-of-tuebingen	2
13	https://www.mygermanuniversity.com/universities/University-of-Tuebingen/nc-free	0
13	https://www.mygermanuniversity.com/universities/University-of-Tuebingen/subject/protestantism	0
13	https://www.mygermanuniversity.com/universities/University-of-Tuebingen/subject/microbiology	0
15	https://www.eventbrite.com/d/germany--tübingen/uni-t%C3%BCbingen	1
15	https://allevents.in/tubingen/edm	3
16	https://www.trip.com/travel-guide/destination/tubingen-44519	0
17	https://uni-tuebingen.de/en/study/application-and-enrollment/general-information/glossar	2
17	https://www.welcome.uni-tuebingen.de/masters-programs-overview/faculty-of-science/advanced-quantum-physics-msc	1
19	https://rausgegangen.de/locations/frau-holle-tubingen	3
19	https://uni-tuebingen.de/en/forschung/zentren-und-institute/brasilien-und-lateinamerika-zentrum/german-brazilian-symposium-2026/german-brazilian-symposium-2026/german-brazilian-symposium-2024/about-tuebingen/welcome-to-tuebingen	0
19	https://www.medizin.uni-tuebingen.de/en-de/karriere/leben-in-tuebingen	1
19	https://www.krone-tuebingen.de/en/a-holiday-in-tuebingen/art-culture	2
19	https://www.cozycozy.com/ie/tubingen-hotels	0
19	https://www.trip.com/travel-guide/destination/tubingen-44519	0
19	https://krone-tuebingen.de/en/a-holiday-in-tuebingen/vacation-in-tuebingen	1
20	https://www.cozycozy.com/ie/tubingen-apartments	0
2	https://uni-tuebingen.de/en/forschung/zentren-und-institute/brasilien-und-lateinamerika-zentrum/german-brazilian-symposium-2026/german-brazilian-symposium-2024/about-tuebingen/welcome-to-tuebingen	0
3	https://futureworlds.eu/wiki/University_of_Tuebingen	2
3	https://www.mygermanuniversity.com/universities/University-of-Tuebingen/subject/cognitive-science	3
3	http://www.uni-tuebingen.de/en/17104	2
3	https://www.mygermanuniversity.com/universities/University-of-Tuebingen/top-programs	3
5	https://krone-tuebingen.de/en/a-holiday-in-tuebingen/vacation-with-bikes-tuebingen	0
5	https://krone-tuebingen.de/en	3
5	https://krone-tuebingen.de/en/hotel/host	3
5	https://allevents.in/tubingen/hagen-rether-liebe/200030053052823	0
6	https://hiiker.app/hikes/germany/tubingen/tuebingen-and-gratweg	0
6	https://hiiker.app/trails/germany/tubingen/schonbuch-westhang-ammerbuch-and-schonbuchspitz-loop-via-schonbuchspitzrunde	0
6	https://www.outdooractive.com/en/route/bikepacking/schwaebische-alb/tuebingen-horb-am-neckar-schleifenroute-stage-30-r/13869011	0
6	https://www.hih-tuebingen.de/en/how-to-find-us	2
8	https://www.cozycozy.com/ie/tubingen-holiday-rentals	0
9	https://allevents.in/tubingen/free-events	3
9	https://allevents.in/tubingen/stadtfest	3
9	https://allevents.in/tubingen/edm	3
10	https://cyber-valley.de/en/people/65e304f3-15d8-471c-afb8-9a4e7d8c389d	2
10	https://cyber-valley.de/en/news/minister-olschowski-visits-cyber-valley-in-tübingen	3
10	https://ellis.institute/en/about	2
11	https://www.eventbrite.com/d/germany--tübingen/business--events--this-weekend	2
12	https://uni-tuebingen.de/en/international/welcome-center/accommodation-service	3
12	https://uni-tuebingen.de/en/113874	2
12	http://tuebingenresearchcampus.com	1
13	https://uni-tuebingen.de/en/fakultaeten/wirtschafts-und-sozialwissenschaftliche-fakultaet/international/study-in-tuebingen/welcome-to-tuebingen	1
13	https://krone-tuebingen.de/en/a-holiday-in-tuebingen/hike-in-tuebingen	0
13	https://exchange-buddy.mewi-projekte.de/	0
14	https://audiala.com/en/germany/tubingen/university-of-tubingen	0
15	https://allevents.in/tubingen/stadtfest	3
15	https://allevents.in/tubingen/open-air	3
15	https://allevents.in/tubingen/free-events	3
15	https://allevents.in/tubingen/guitar	3
16	https://www.krone-tuebingen.de/en/a-holiday-in-tuebingen/chocolate-festival-chocolart	1
16	https://www.mygermanyvacation.com/best-things-to-do-and-see-in-tubingen-germany	0
17	https://uni-tuebingen.de/en/research/centers-and-institutes/crcs/calls-for-proposals-1	0
17	https://yocket.com/universities/university-of-tubingen-3876	2
18	https://en.wikipedia.org/wiki/Tübingen–Sigmaringen_railway	3
19	https://visit-tubingen.co.uk/things-to-do-in-tubingen-on-the-neckar	2
19	https://allevents.in/tubingen/stadtfest	2
20	https://www.outdooractive.com/en/route/hiking-trail/schwaebische-alb/on-the-neckar-trail-from-tuebingen-to-neckartailfingen/185974909	0
19	https://uni-tuebingen.de/en/forschung/zentren-und-institute/brasilien-und-lateinamerika-zentrum/german-brazilian-symposium-2026/german-brazilian-symposium-2024/about-tuebingen/welcome-to-tuebingen	0
16	https://www.viamichelin.com/maps/tourist-attractions/germany/baden_wurttemberg/tubingen/tubingen-72070	0
16	https://wanderlog.com/list/geoCategory/199488/where-to-eat-best-restaurants-in-tubingen	3
16	https://tuebingenresearchcampus.com/en/tuebingen/general-information/practical-advice	1
16	https://www.minube.net/photos/tubingen-c216356	0
16	https://www.minube.net/what-to-see/germany/baden-wurttemberg/tubingen	0
16	https://www.eventbrite.com/d/germany--tübingen/food-and-drink--events	1
16	https://uni-tuebingen.de/en/study/student-life/dining	3
16	https://placesofgermany.de/en/places/tubingen-old-town	0
16	https://tuebingen.ai/wiki/language-culture-and-daily-life	1
16	https://krone-tuebingen.de/en/career/jobs	0
16	https://uni-tuebingen.de/en/fakultaeten/wirtschafts-und-sozialwissenschaftliche-fakultaet/international/study-in-tuebingen/welcome-to-tuebingen	1
16	https://krone-tuebingen.de/en/seminars-celebrations/supporting-program	1
16	https://www.krone-tuebingen.de/en/a-holiday-in-tuebingen	1
16	https://uni-tuebingen.de/en/university/profile	0
16	https://krone-tuebingen.de/en/a-holiday-in-tuebingen/outletcity-in-metzingen	0
16	https://uni-tuebingen.de/en/university/careers/tuebingen-and-the-region	0
16	https://thespicyjourney.com/magical-things-to-do-in-tubingen-in-one-day-tuebingen-germany-travel-guide	1
16	https://www.cozycozy.com/ie/tubingen-holiday-rentals	0
16	https://visit-tubingen.co.uk/example-day-out-in-tubingen-1	1
16	https://krone-tuebingen.de/en/a-holiday-in-tuebingen/vacation-in-tuebingen	1
17	https://www.mygermanuniversity.com/universities/University-of-Tuebingen/application-deadlines	3
17	https://www.mygermanuniversity.com/universities/University-of-Tuebingen/master/application-deadlines	3
17	https://www.mygermanuniversity.com/universities/University-of-Tuebingen/bachelor/application-deadlines	3
17	https://www.mygermanuniversity.com/universities/University-of-Tuebingen/english-programs/application-deadlines	3
17	https://uni-tuebingen.de/en/study/student-life/student-finances/deutschlandstipendium-scholarships	0
17	https://uni-tuebingen.de/en/169563	3
17	https://uni-tuebingen.de/en/study/application-and-enrollment/general-information/application-documents-required	3
17	https://uni-tuebingen.de/en/113870	2
17	https://uni-tuebingen.de/en/226380	2
17	https://uni-tuebingen.de/en/851	2
17	https://uni-tuebingen.de/en/international/study-in-tuebingen/summer-courses-and-short-term-programs/international-european-studies/buddy-program	1
17	https://uni-tuebingen.de/en/study/application-and-enrollment/general-information	3
17	https://uni-tuebingen.de/en/study/application-and-enrollment/general-information/application-deadlines-for-the-academic-programme	3
17	https://uni-tuebingen.de/en/research/centers-and-institutes/college-of-fellows/fellows/fellowships/teachtuebingen	0
17	https://uni-tuebingen.de/en/study/application-and-enrollment/enrolling-at-the-university-of-tuebingen	3
17	https://uni-tuebingen.de/en/1579	2
17	https://uni-tuebingen.de/en/4204	2
17	https://uni-tuebingen.de/en/faculties/faculty-of-humanities/faculty/equality/application-process	0
17	https://yocket.com/universities/eberhard-karls-university-tubingen-2876	2
17	https://uni-tuebingen.de/en/faculties/faculty-of-economics-and-social-sciences/studies/application	3
18	https://uni-tuebingen.de/en/forschung/zentren-und-institute/brasilien-und-lateinamerika-zentrum/german-brazilian-symposium-2026/german-brazilian-symposium-2024/about-tuebingen/how-can-i-arrive-in-tuebingen	2
18	https://en.wikipedia.org/wiki/Tübingen_West_station	3
18	https://uni-tuebingen.de/en/facilities/university-library/about-us/directions	2
18	http://imprs.is.mpg.de/en/directions	2
18	https://uni-tuebingen.de/en/108819	3
18	https://uni-tuebingen.de/en/international/welcome-center/social-events-leisure/roman-city-museum	0
18	https://cogsciprag.github.io/context-in-cognition-symposium/location	2
18	https://www.tuebingen.mpg.de/84569/anfahrt	2
18	https://www.mygermanyvacation.com/best-things-to-do-and-see-in-tubingen-germany	0
18	https://www.ostrichtrails.com/europe/germany/tubingen-walking-tour	0
18	https://www.outdooractive.com/en/poi/schwaebische-alb/tuebingen-hauptbahnhof/1724364	3
18	https://en.wikipedia.org/wiki/T%C3%BCbingen_Hauptbahnhof	3
18	https://en.wikivoyage.org/wiki/T%C3%BCbingen	2
18	https://personalhealthtrain.de	0
18	https://www.outdooractive.com/en/route/bikepacking/schwaebische-alb/tuebingen-horb-am-neckar-schleifenroute-stage-30-r/13869011	0
18	https://hiiker.app/hikes/germany/tubingen/neckar-walk	0
18	https://www.hih-tuebingen.de/en/how-to-find-us	2
18	https://kunsthalle-tuebingen.de/en/visit	1
18	https://www.jugendherberge.de/en/youth-hostels/tuebingen	1
18	https://uni-tuebingen.de/en/study/student-life/semester-ticket	2
19	https://www.eventbrite.com/d/germany--tübingen/free--food-and-drink--events--this-weekend	2
19	https://www.eventbrite.com/d/germany--tübingen/free--business--events--this-weekend	2
19	https://exchange-buddy.mewi-projekte.de/	1
19	https://visit-tubingen.co.uk/welcome-to-tubingen	1
19	https://www.eventbrite.com/d/germany--tübingen/food-and-drink--events--this-weekend	2
19	https://www.eventbrite.com/d/germany--tübingen/business--events--this-weekend	2
19	https://www.eventbrite.com/d/germany--tübingen/health--events--this-weekend	2
19	https://www.eventbrite.com/d/germany--tübingen/free--events--this-weekend	2
19	https://www.eventbrite.com/d/germany--tübingen/music--events--this-weekend	2
19	https://www.eventbrite.com/d/germany--t%C3%BCbingen/events--this-weekend	2
19	https://en.wikipedia.org/wiki/University_of_Tübingen	0
19	http://meg.medizin.uni-tuebingen.de/2024	0
19	https://en.wikipedia.org/wiki/T%C3%BCbingen	0
19	https://whichmuseum.com/place/tubingen-11296/history	0
19	https://whichmuseum.com/place/tubingen-11296/art	0
19	https://uni-tuebingen.de/en/faculties/faculty-of-humanities/international-1/international-researchers	0
19	https://www.minube.net/photos/tubingen-c216356	0
19	https://allevents.in/tubingen/open-air	2
19	https://kunsthalle-tuebingen.de/en/pop-up	1
19	https://www.ostrichtrails.com/europe/germany/tubingen-walking-tour	0
20	https://neubau.tuebingen.mpg.de/104186/abbrucharbeiten-starten-ende-april	0
20	https://kyb.tuebingen.mpg.de/directions	0
20	https://uni-tuebingen.de/en/facilities/central-institutions/university-sports-center/home	0
20	https://uni-tuebingen.de/en/facilities/central-institutions/university-sports-center/home/announcements	0
20	https://www.uni-tuebingen.de/en/facilities/central-institutions/university-sports-center/home	0
20	https://www.fml.tuebingen.mpg.de/8938/directions	0
20	https://uni-tuebingen.de/en/facilities/university-library/about-us/directions	0
20	https://uni-tuebingen.de/en/169563	0
20	https://tuebingen.ai/wiki/transportation-and-mobility	0
20	https://neubau.tuebingen.mpg.de/92329/aktuelles2	0
20	http://imprs.is.mpg.de/en/directions	0
20	https://uni-tuebingen.de/en/169590	0
20	https://www.hih-tuebingen.de/en/how-to-find-us	0
20	https://en.wikipedia.org/wiki/Südstadt_(Tübingen)	0
20	https://neubau.tuebingen.mpg.de/2966/en	0
20	https://neubau.tuebingen.mpg.de/93166/nachhaltigkeit	0
20	https://www.uni-tuebingen.de/en/fakultaeten/mathematisch-naturwissenschaftliche-fakultaet/fachbereiche/interfakultaere-einrichtungen/ifib/institut/organisation/faq	0
20	https://www.casita.com/student-accommodation/germany/tubingen	0
20	https://www.my-stuwe.de/en/housing/halls-of-residence-tuebingen	0
20	https://www.tuebingen.mpg.de/84569/anfahrt	0
1	https://travel.com/regions/europe/germany/tubingen-germany-best-things-to-do-top-picks	3
1	https://simplifylivelove.com/tubingen-germany	2
1	https://wanderlog.com/tp/11477/nordlingen-trip-planner	0
1	https://www.krone-tuebingen.de/en/a-holiday-in-tuebingen/holidays-in-tuebingen-and-around	2
1	https://wanderlog.com/tp/11001/tubingen-trip-planner	3
1	https://wanderlog.com/tp/9942/heidelberg-trip-planner	0
1	https://wanderlog.com/geoInMonth/11001/10/tubingen-in-october	2
1	https://wanderlog.com/geoInMonth/11001/2/tubingen-in-february	2
1	https://wanderlog.com/geoInMonth/11001/3/tubingen-in-march	2
1	https://wanderlog.com/geoInMonth/11001/6/tubingen-in-june	2
1	https://www.outdooractive.com/en/travel-guide/germany/rottenburg-am-neckar/1044454	0
1	https://thespicyjourney.com/free-things-to-do-dresden-1-day	0
1	https://en.wikipedia.org/wiki/Alter_Botanischer_Garten_T%C3%BCbingen	2
1	https://velvetescape.com/reasons-to-visit-germany	0
1	https://wanderlog.com/place/details/2873004/restaurant-ludwigs	1
1	https://en.wikivoyage.org/wiki/w:Kunsthalle_Tübingen	2
1	https://wanderlog.com/place/details/4698710/tübingen-historic-old-town	3
1	https://velvetescape.com/things-to-see-in-heidelberg	0
1	https://en.wikipedia.org/wiki/Sonnenbühl	0
1	https://wanderlog.com/place/details/7695027/castle-hohentübingen	3
2	https://www.krone-tuebingen.de/en/seminars-celebrations/conference-packages	1
2	https://www.ludwigs.cc/en	3
2	https://www.krone-tuebingen.de/en/seminars-celebrations	1
2	https://www.ludwigs.cc/en/eat-drink	3
2	https://www.wurstkueche.com/en/restaurant-our-place	3
2	https://www.miragenews.com/caffeine-may-weaken-certain-antibiotics-study-1501780	0
2	https://www.krone-tuebingen.de/en/room/offers/punt-trips	2
2	https://tuebingenresearchcampus.com/en/tuebingen/living-in-tuebingen/shopping	1
2	https://newatlas.com/infectious-diseases/coffee-caffeine-antibiotics-less-effective-bacteria	0
2	https://www.cmfi.uni-tuebingen.de/en/news-events/news/study-finds-caffeine-can-weaken-effectiveness-of-certain-antibiotics	0
2	https://www.gesundheitsindustrie-bw.de/en/article/press-release/study-finds-caffeine-can-weaken-effectiveness-certain-antibiotics	0
2	https://www.sci.news/medicine/caffeine-effectiveness-antibiotics-14139.html	0
2	https://www.sciencedaily.com/releases/2025/09/250911080113.htm	0
2	https://www.earth.com/news/coffee-helps-bacteria-resist-antibiotics-in-your-gut	0
2	https://www.ludwigs.cc/en/eat-drink/drinks	3
2	https://www.bionity.com/en/news/1186777/study-finds-caffeine-can-weaken-effectiveness-of-certain-antibiotics.html	0
2	https://www.hurfpostbrasil.com/coffee-may-reduce-the-effect-of-medicines	0
2	https://www.heatheronhertravels.com/christmas-traditions-in-germany-coburg	0
2	https://culturecravingcouple.com/tubingen-christmas-market	2
2	https://www.krone-tuebingen.de/en/cuisine-indulgence/restaurant-ludwigs	3
3	https://www.cmfi.uni-tuebingen.de/en/team/associated-scientists	2
3	https://www.cmfi.uni-tuebingen.de/en/team/members	2
3	https://www.wikidata.org/wiki/Q153978	2
3	https://www.cmfi.uni-tuebingen.de/en/research/research-in-the-cluster/bacterial-cells-and-communities	1
3	https://en.wikipedia.org/wiki/University_of_Tübingen	3
3	https://www.cmfi.uni-tuebingen.de/en/research/research-in-the-cluster/bacterial-molecules-and-cells	1
3	https://medinform.jmir.org/2024/1/e60851/authors	0
3	https://simple.wikipedia.org/wiki/University_of_T%C3%BCbingen	2
3	http://www.uni-tuebingen.de/en/international/university/branch-offices-and-research-stations	3
3	https://uni-tuebingen.de/en/research/core-research/transregional-collaborative-research-centers-crc-trrs	2
4	https://www.unimuseum.uni-tuebingen.de/en/research-education	3
4	https://www.iwm-tuebingen.de/en/experience/fieldsofpractice	0
4	https://www.krone-tuebingen.de/en/holiday-in-tuebingen/sightseeing-tuebingen-surroundings	2
4	https://www.krone-tuebingen.de/en/a-holiday-in-tuebingen/car-toy-museum-boxenstopp-tuebingen	3
4	https://www.senckenberg.de/en/career/education-and-training	0
4	https://en.wikivoyage.org/wiki/w:Kunsthalle_Tübingen	3
4	https://www.iwm-tuebingen.de/en/experience/researchexperience	0
4	https://www.krone-tuebingen.de/en/room/offers/tuebingen-melange	1
4	https://travel.com/regions/europe/germany/tubingen-germany-best-things-to-do-top-picks	2
4	https://www.krone-tuebingen.de/en/a-holiday-in-tuebingen/old-town-tuebingen	1
5	https://privatecityhotels.com/en/hotels-in/tubingen	3
5	https://www.krone-tuebingen.de/en/career/benefits	1
5	https://www.krone-tuebingen.de/en/a-holiday-in-tuebingen/vacation-with-bikes-tuebingen	1
5	https://www.krone-tuebingen.de/en/hotel/host	3
5	https://wanderlog.com/place/details/7695027/castle-hohentübingen	1
5	https://2018.caaconference.org/	0
5	https://www.krone-tuebingen.de/en	3
5	https://www.europeanbestdestinations.com/destinations/tubingen	3
5	https://simplifylivelove.com/tubingen-germany	1
5	https://www.wurstkueche.com/en/restaurant-our-place	0
6	https://uni-tuebingen.de/en/university/how-to-get-here	3
6	https://uni-tuebingen.de/en/study/student-life/semester-ticket	3
6	https://www.medizin.uni-tuebingen.de/en-de/karriere/leben-in-tuebingen	1
6	https://www.outdooractive.com/en/route/hiking-trail/schwaebische-alb/university-town-tuebingen-pearl-on-the-neckar-and-ammer-/321465712	0
6	https://www.outdooractive.com/en/route/hiking-trail/schwaebische-alb/from-the-zollern-town-of-hechingen-through-the-starzel-valley-to-the-neckar/106120611	0
6	https://commons.wikimedia.org/wiki/Bodenseekreis	0
6	https://www.outdooractive.com/en/route/hiking-trail/schwaebische-alb/tuebingen-wurmlingen-hiking-from-wurmlingen-to-the-old-town-of-tuebingen/804589721	0
6	https://www.outdooractive.com/en/route/hiking-trail/schwaebische-alb/bwegt-hiking-trail-on-the-neckar-trail-from-tuebingen-to-rottenburg/809999138	0
6	https://www.cmfi.uni-tuebingen.de/en/news-events/news/study-finds-caffeine-can-weaken-effectiveness-of-certain-antibiotics	0
6	https://www.outdooractive.com/en/route/hiking-trail/tuebingen/tuebingen-stroll-comfortably-through-the-old-town-from-the-bismarckturm/804552984	0
7	https://tuebingenresearchcampus.com/en/research-in-tuebingen/thats-my-science/mayank	1
7	https://tuebingenresearchcampus.com/en/research-in-tuebingen/thats-my-science/marianne	1
7	https://tuebingenresearchcampus.com/en/research-in-tuebingen/thats-my-science/florian	1
7	https://tuebingenresearchcampus.com/en/research-in-tuebingen/thats-my-science/celia	1
7	https://tuebingenresearchcampus.com/en/research-in-tuebingen/thats-my-science/martin	1
7	https://tuebingenresearchcampus.com/en/research-in-tuebingen/thats-my-science/christoph	1
7	https://tuebingenresearchcampus.com/en/research-in-tuebingen/thats-my-science/ruoyun	1
7	https://tuebingenresearchcampus.com/en/research-in-tuebingen/thats-my-science/sergio	1
7	https://tuebingenresearchcampus.com/en/tuebingen	2
7	https://tuebingenresearchcampus.com/en/tuebingen/living-in-tuebingen	3
8	https://www.krone-tuebingen.de/en/a-holiday-in-tuebingen/hike-in-tuebingen	3
8	https://www.krone-tuebingen.de/en/a-holiday-in-tuebingen	2
8	https://www.outdooractive.com/en/route/hiking-trail/schwaebische-alb/bwegt-hiking-trail-on-the-neckar-trail-from-tuebingen-to-rottenburg/809999138	3
8	https://www.outdooractive.com/en/route/hiking-trail/schwaebische-alb/tuebingen-wurmlingen-hiking-from-wurmlingen-to-the-old-town-of-tuebingen/804589721	3
8	https://www.outdooractive.com/en/travel-guide/germany/rottenburg-am-neckar/1044454	1
8	https://www.outdooractive.com/en/castles-and-forts/tuebingen/castle-and-fort-in-tuebingen/330151936	1
8	https://www.burg-hohenzollern.com/en/plan-your-visit/hotels-in-the-region	0
8	https://www.krone-tuebingen.de/en/a-holiday-in-tuebingen/old-town-tuebingen	1
8	https://www.krone-tuebingen.de/en/a-holiday-in-tuebingen/vacation-in-tuebingen	2
8	https://www.my-stuwe.de/en/housing/international-tutors	0
9	https://imprs-mmfd.tuebingen.mpg.de/5004/events-overview	3
9	https://uni-tuebingen.de/en/277872	1
9	https://uni-tuebingen.de/en/international/study-in-tuebingen/degree-seeking-students/counseling-for-international-students	0
9	https://www.ludwigs.cc/en/events-celebrations/events-at-ludwigs	3
9	https://uni-tuebingen.de/en/research/centers-and-institutes/center-for-francophone-worlds	1
9	https://www.krone-tuebingen.de/en/seminars-celebrations/culinary-suggestions/menu-suggestions	1
9	https://uni-tuebingen.de/en/research/centers-and-institutes/college-of-fellows	1
9	https://www.ludwigs.cc/en/events-celebrations	2
9	https://www.kyb.tuebingen.mpg.de/talks-events	3
9	https://www.my-stuwe.de/en/housing/international-tutors	0
10	https://tuebingen.ai/	3
10	https://tuebingen.ai/news/at-the-university-of-tuebingen-educational-sciences-and-ai-research-are-working-together-to-improve-learning-with-ai-based-solutions	3
10	https://tuebingen.ai/news/kyutai-and-ellis-tuebingen-launch-kesai	3
10	https://institute-tue.ellis.eu/en/news/kyutai-ellis	3
10	https://institute-tue.ellis.eu/en/news/new-principal-investigators-join-the-ellis-institute-tubingen	3
10	https://ellis.eu/research/sites/institute-tubingen	3
10	https://cyber-valley.de/en/news/kyutai-and-ellis-tubingen-launch-ke-sai	3
10	https://tuebingen.ai/education	2
10	https://hertie.ai/the-institute/news-events	2
10	https://cyber-valley.de/en/public-engagement	2
3	https://uni-tuebingen.de/en/university/profile/history-of-the-university/processing-the-nazi-period	3
3	https://uni-tuebingen.de/en/university/profile/history-of-the-university	3
3	https://en.wikipedia.org/wiki/University_Library_of_Tübingen	2
3	https://www.cmfi.uni-tuebingen.de/en/team/steering-committee	2
3	https://tuebingen.mpg.de/171978/wissenschaftsstandort-tuebingen	2
3	https://www.cmfi.uni-tuebingen.de/en/news-events/news/tuebingen-once-more-selected-as-a-university-of-excellence	3
3	https://research.doshisha.ac.jp/news/news-detail-68	1
3	https://uni-tuebingen.de/en/facilities/university-library/publishing-research	2
3	https://www.medizin.uni-tuebingen.de/en-de/medizinische-fakultaet/forschung/forschungsgruppen/for-2715	1
3	https://uni-tuebingen.de/en/international/university/networks/matariki	3
4	https://commons.wikimedia.org/wiki/Museum_of_Paleontology_in_T%C3%BCbingen	3
4	https://www.medizin.uni-tuebingen.de/en-de/karriere/leben-in-tuebingen	0
4	https://www.iwm-tuebingen.de/en/experience	1
4	https://uni-tuebingen.de/en/uni-a-z	0
4	https://velvetescape.com/reasons-to-visit-germany	0
4	https://uni-tuebingen.de/en/university/life-on-campus/culture-and-the-arts	2
4	https://www.heatheronhertravels.com/things-to-do-in-dresden-germany	0
4	https://www.unimuseum.uni-tuebingen.de/en/research-education/master-profile-museum-collections-musa/exhibitability-of-sensitive-objects	2
4	https://www.krone-tuebingen.de/en/a-holiday-in-tuebingen/vacation-in-the-swabian-alps	0
4	https://www.outdooractive.com/en/castles-and-forts/tuebingen/castle-and-fort-in-tuebingen/330151936	1
5	https://www.mygermanyvacation.com/best-things-to-do-and-see-in-tubingen-germany	1
5	https://wanderlog.com/place/details/10706662/eiscafe-cortina-ii-tübingen	0
5	https://thespicyjourney.com/things-to-do-in-cochem-germany-in-one-day	0
5	https://wanderlog.com/place/details/1310795/eberhard-karls-university-of-tübingen	0
5	https://wanderlog.com/place/details/4698710/tübingen-historic-old-town	0
5	https://wanderlog.com/place/details/296552/the-paleontological-collection-of-the-university-of-tübingen	0
5	https://simplifylivelove.com/driving-in-germany	0
5	https://wanderlog.com/place/details/6182542/museum-of-the-university-of-tübingen-mut	0
5	https://wanderlog.com/place/details/13635977/max-planck-institute-for-biology-tübingen	0
5	https://wanderlog.com/place/details/591192/arboretum-botanical-garden-of-the-university-of-tübingen	0
6	https://tuebingenresearchcampus.com/en/tuebingen/general-information/local-infos	2
6	https://tuebingen.mpg.de/84569/anfahrt	2
6	https://www.neckartalradweg-bw.de/en/plan-your-trip/getting-there	1
6	https://tuebingenresearchcampus.com/en/tuebingen/living-in-tuebingen/mobility/by-public-transport	3
6	https://uni-tuebingen.de/en/international/study-in-tuebingen	1
6	https://tuebingenresearchcampus.com/en/tuebingen/general-information/practical-advice	1
6	https://www.fml.tuebingen.mpg.de/8938/directions	2
6	https://www.outdooractive.com/en/route/hiking-trail/horb-am-neckar/circular-hiking-trail-in-and-around-the-neckar-valley/38064311	0
6	http://www.touren-schwarzwald.info/s/N7iM	0
6	https://www.neckartalradweg-bw.de/en/service/faq	1
7	https://tuebingenresearchcampus.com/en	2
7	https://tuebingenresearchcampus.com/en/tuebingen/living-in-tuebingen/family	2
7	https://tuebingenresearchcampus.com/en/research-in-tuebingen/tnc/news	1
7	https://tuebingenresearchcampus.com/en/tuebingen/accommodations	2
7	https://tuebingenresearchcampus.com/en/research-in-tuebingen	1
7	https://tuebingenresearchcampus.com/en/tuebingen/paperwork	2
7	https://tuebingenresearchcampus.com/en/tuebingen/living-in-tuebingen/mobility	2
7	https://tuebingenresearchcampus.com/en/research-in-tuebingen/tnc/events	1
7	https://tuebingenresearchcampus.com/en/research-in-tuebingen/tnc/partners	0
7	https://tuebingenresearchcampus.com/en/research-in-tuebingen/tnc/jobs	1
8	https://www.krone-tuebingen.de/en/a-holiday-in-tuebingen/car-toy-museum-boxenstopp-tuebingen	0
8	https://www.krone-tuebingen.de/en/a-holiday-in-tuebingen/new-art-museum-tuebingen	0
8	https://www.krone-tuebingen.de/en/holiday-in-tuebingen/zimmertheatertuebingen	0
8	https://www.outdooractive.com/en/route/hiking-trail/horb-am-neckar/circular-hiking-trail-in-and-around-the-neckar-valley/38064311	1
8	https://www.krone-tuebingen.de/en/a-holiday-in-tuebingen/carnival-parade-tuebingen	0
8	https://www.krone-tuebingen.de/en/a-holiday-in-tuebingen/art-culture	0
8	https://www.krone-tuebingen.de/en/a-holiday-in-tuebingen/outletcity-in-metzingen	0
8	https://www.krone-tuebingen.de/en/a-holiday-in-tuebingen/kunsthalle-tuebingen	0
8	https://www.komoot.com/collection/4145542/culture-over-mileage-cultural-highlights-on-the-neckar-valley-cycle-path	2
8	https://www.krone-tuebingen.de/en/a-holiday-in-tuebingen/umbrian-provencal-market-tuebingen	0
9	https://www.krone-tuebingen.de/en/seminars-celebrations/catering	1
9	https://uni-tuebingen.de/en/university/life-on-campus/events	3
9	https://www.cmfi.uni-tuebingen.de/en/news-events/mediathek	2
9	https://www.krone-tuebingen.de/en/seminars-celebrations/private-parties-in-tuebingen	2
9	http://cyber-valley.de/en/alumni	1
9	https://www.ludwigs.cc/en	1
9	https://uni-tuebingen.de/en/research/centers-and-institutes/center-for-gender-and-diversity-research-zgd	1
9	https://uni-tuebingen.de/en/university/news-and-publications	2
9	https://www.krone-tuebingen.de/en/career/team	0
9	https://uni-tuebingen.de/en	1
10	https://tappa-org.github.io/	2
10	https://tuebingen.ai/news/federal-and-state-representatives-visit-tuebingen-ai-center	3
10	https://ellis.eu/units/tubingen	3
10	http://cyber-valley.de/en/partnerships	2
10	https://cyber-valley.de/en/news/ai-launchpad-at-cyber-valley	3
10	https://www.tuebingen.mpg.de/251334/news_publication_24324992_transferred	2
10	https://tuebingen.ai/news	3
10	https://research.doshisha.ac.jp/news/news-detail-68	1
10	https://hertie.ai/hertie-institute-for-ai-in-brain-health-pioneering-future-research-in-tuebingen	3
10	https://hertie.ai/	2
11	https://velvetescape.com/things-to-do-in-tubingen	3
11	https://justinpluslauren.com/things-to-do-in-tubingen-germany	3
11	https://thespicyjourney.com/magical-things-to-do-in-tubingen-in-one-day-tuebingen-germany-travel-guide	3
11	https://thespicyjourney.com/things-to-do-in-cochem-germany-in-one-day	0
11	https://velvetescape.com/reasons-to-visit-germany	0
11	https://travel.com/regions/europe/germany/tubingen-germany-best-things-to-do-top-picks	3
11	https://thespicyjourney.com/free-things-to-do-dresden-1-day	0
11	https://justinpluslauren.com/things-to-do-in-heidelberg-germany	0
11	https://justinpluslauren.com/alternative-things-to-do-in-berlin-computer-museum	0
11	https://velvetescape.com/things-to-see-in-lubeck	0
11	https://tuebingenresearchcampus.com/en/tuebingen/accommodations/at-home	0
11	https://justinpluslauren.com/things-to-do-in-garmisch-partenkirchen	0
11	https://tuebingenresearchcampus.com/en/tuebingen/accommodations/finding-a-home/housing-options	0
11	https://velvetescape.com/things-to-see-in-heidelberg	0
11	https://www.krone-tuebingen.de/en/career	0
11	http://www.fml.tuebingen.mpg.de/59744/news_publication_23929892_transferred	0
11	https://www.heatheronhertravels.com/christmas-traditions-in-germany-coburg	0
11	https://uni-tuebingen.de/en/study/prospective-students	1
11	https://www.machinelearningforscience.de/en/how-to-put-on-an-exhibition	0
11	https://www.heatheronhertravels.com/things-to-do-in-tubingen-germany-chocolart	3
12	https://simplifylivelove.com/tubingen-germany	1
12	https://www.iwm-tuebingen.de/en/career/internationaloffice	1
12	https://www.krone-tuebingen.de/en	3
12	https://www.medizin.uni-tuebingen.de/en-de/patienten-und-besucher/sozialberatung-und-pflegeueberleitung	0
12	https://www.europeanbestdestinations.com/christmas-markets	0
12	https://www.mygermanyvacation.com/best-things-to-do-and-see-in-tubingen-germany	1
12	https://www.krone-tuebingen.de/en/seminars-celebrations/private-parties-in-tuebingen	1
12	https://tuebingenresearchcampus.com/en/tuebingen/preparing-your-stay	2
12	https://www.cmfi.uni-tuebingen.de/en/news-events/news/from-argentina-to-germany-paula-tribellis-humboldt-research-fellowship-journey-with-her-child	0
12	https://tuebingenresearchcampus.com/en	1
12	https://tuebingenresearchcampus.com/en/tuebingen/living-in-tuebingen/family	1
12	https://tuebingenresearchcampus.com/en/research-in-tuebingen/tnc/news	0
12	https://tuebingenresearchcampus.com/en/tuebingen/accommodations	3
12	https://tuebingenresearchcampus.com/en/research-in-tuebingen	0
12	https://tuebingenresearchcampus.com/en/tuebingen/paperwork	1
12	https://tuebingenresearchcampus.com/en/tuebingen/living-in-tuebingen/mobility	1
12	https://tuebingenresearchcampus.com/en/research-in-tuebingen/tnc/events	0
12	https://tuebingenresearchcampus.com/en/research-in-tuebingen/tnc/partners	0
12	https://tuebingenresearchcampus.com/en/research-in-tuebingen/tnc/jobs	0
12	https://tuebingenresearchcampus.com/en/tuebingen	2
13	https://culturecravingcouple.com/tubingen-christmas-market	1
13	https://www.machinelearningforscience.de/en/a-network-for-women-to-support-each-other	0
13	https://www.earth.com/news/coffee-helps-bacteria-resist-antibiotics-in-your-gut	0
13	https://velvetescape.com/things-to-do-in-tubingen	2
13	https://tuebingenresearchcampus.com/en/tuebingen/living-in-tuebingen/mobility/car	2
13	https://en.wikivoyage.org/wiki/T%C3%BCbingen	3
13	https://uni-tuebingen.de/en/research/core-research/cluster-of-excellence-human-origins/cluster-of-excellence-human-origins	0
13	https://www.mygermanyvacation.com/best-things-to-do-and-see-in-tubingen-germany	1
13	https://uni-tuebingen.de/en/study/advice-and-info	1
13	https://tuebingenresearchcampus.com/en/tuebingen/living-in-tuebingen/mobility/beyond-tuebingen	3
13	https://tuebingen.ai/discover-ai	0
13	https://www.phd.tuebingen.mpg.de/9658/FAQ	0
13	https://thespicyjourney.com/free-things-to-do-dresden-1-day	0
13	https://uni-tuebingen.de/en/international	1
13	https://uni-tuebingen.de/en/university/life-on-campus/wellbeing	0
13	https://justinpluslauren.com/things-to-do-in-heidelberg-germany	0
13	https://tuebingen.mpg.de/lion-schulz	0
13	https://www.heatheronhertravels.com/things-to-do-in-tubingen-germany-chocolart	1
13	https://www.sciencealert.com/mixing-coffee-and-antibiotics-could-be-a-bad-idea-study-shows	0
13	https://uni-tuebingen.de/en/university/how-to-get-here	3
14	https://travel.com/regions/europe/germany/tubingen-germany-best-things-to-do-top-picks	2
14	https://www.krone-tuebingen.de/en/holiday-in-tuebingen/sightseeing-tuebingen-surroundings	2
14	https://simplifylivelove.com/tubingen-germany	1
14	https://velvetescape.com/reasons-to-visit-germany	0
14	https://justinpluslauren.com/alternative-things-to-do-in-berlin-computer-museum	0
14	https://www.heatheronhertravels.com/things-to-do-in-dresden-germany	0
14	https://www.academics.com/guide/working-in-berlin	0
14	https://www.krone-tuebingen.de/en/a-holiday-in-tuebingen/art-culture	2
14	https://www.academics.com/guide/working-in-bonn	0
14	https://www.komoot.com/collection/4145542/culture-over-mileage-cultural-highlights-on-the-neckar-valley-cycle-path	1
14	https://www.krone-tuebingen.de/en	0
14	https://www.unimuseum.uni-tuebingen.de/en/research-education	3
14	https://www.iwm-tuebingen.de/en/experience/fieldsofpractice	0
14	https://www.krone-tuebingen.de/en/a-holiday-in-tuebingen/car-toy-museum-boxenstopp-tuebingen	3
14	https://www.senckenberg.de/en/career/education-and-training	0
14	https://en.wikivoyage.org/wiki/w:Kunsthalle_Tübingen	3
14	https://www.krone-tuebingen.de/en/room/offers/tuebingen-melange	1
14	https://www.iwm-tuebingen.de/en/experience/researchexperience	0
14	https://justinpluslauren.com/things-to-do-in-tubingen-germany	2
14	https://en.wikipedia.org/wiki/University_of_Hohenheim	0
15	https://uni-tuebingen.de/en/international/study-in-tuebingen/degree-seeking-students/counseling-for-international-students	0
15	https://uni-tuebingen.de/en/alumni	1
15	https://www.krone-tuebingen.de/en/seminars-celebrations/catering	1
15	https://www.krone-tuebingen.de/en	0
15	https://tappa-org.github.io/	2
15	https://www.iwm-tuebingen.de/en/experience/fieldsofpractice	0
15	https://uni-tuebingen.de/en/259896	1
15	https://internationalsocietyforregenerativebiology.org/page-18246	0
15	https://www.machinelearningforscience.de/en/a-network-for-women-to-support-each-other	0
15	https://www.my-stuwe.de/en/housing/international-tutors	0
15	https://cyber-valley.de/en/public-engagement	2
15	https://imprs-mmfd.tuebingen.mpg.de/3959/what-s-it-all-about	1
15	https://uni-tuebingen.de/en/277872	1
15	https://www.nmi.de/en/news	1
15	https://www.krone-tuebingen.de/en/career/team	0
15	https://www.sciencealert.com/mixing-coffee-and-antibiotics-could-be-a-bad-idea-study-shows	0
15	https://datascience.unc.edu/	0
15	https://www.krone-tuebingen.de/en/career/benefits	0
15	https://www.krone-tuebingen.de/en/holiday-in-tuebingen/chocolate-festival-chocolart	3
15	https://www.krone-tuebingen.de/en/career/education	0
3	https://uni-tuebingen.de/en/study/profile	3
3	https://uni-tuebingen.de/en/international/university/partnerships	3
11	https://www.tida.uni-tuebingen.de/publications.html	0
11	https://culturecravingcouple.com/tubingen-christmas-market	2
11	https://tuebingenresearchcampus.com/en	1
11	https://tuebingenresearchcampus.com/en/tuebingen/living-in-tuebingen/family	0
11	https://tuebingenresearchcampus.com/en/research-in-tuebingen/tnc/news	0
11	https://tuebingenresearchcampus.com/en/tuebingen/accommodations	0
11	https://tuebingenresearchcampus.com/en/research-in-tuebingen	0
11	https://tuebingenresearchcampus.com/en/tuebingen/paperwork	0
11	https://tuebingenresearchcampus.com/en/tuebingen/living-in-tuebingen/mobility	1
12	http://www.uni-tuebingen.de/en/einrichtungen/zentrale-einrichtungen/tuebingen-school-of-education-tuese/internationalization-1/offers-for-university-lecturers-and-researchers	0
12	https://www.krone-tuebingen.de/en/room/offers/tuebingen-melange	2
12	https://www.krone-tuebingen.de/en/room/offers/punt-trips	2
12	https://tuebingenresearchcampus.com/en/research-in-tuebingen/research	0
12	https://tuebingenresearchcampus.com/research-in-tuebingen/tnc	0
13	https://uni-tuebingen.de/en/international/study-in-tuebingen	1
13	https://uni-tuebingen.de/en/study/prospective-students/tuebingen-as-a-place-to-study	1
13	https://www.newswise.com/institutions/newsroom/10000641	0
13	https://uni-tuebingen.de/en/study/prospective-students	1
13	https://www.my-stuwe.de/en/housing/international-tutors	1
13	https://www.krone-tuebingen.de/en/a-holiday-in-tuebingen/hike-in-tuebingen	1
13	https://www.krone-tuebingen.de/en/a-holiday-in-tuebingen/car-toy-museum-boxenstopp-tuebingen	0
13	https://www.medizin.uni-tuebingen.de/en-de/karriere/leben-in-tuebingen	1
2	https://www.krone-tuebingen.de/en/hotel/host	1
3	https://uni-tuebingen.de/en/university/equity/networks-for-equity	2
3	https://research.doshisha.ac.jp/news/news-detail-72	1
3	https://uni-tuebingen.de/en/international/university/solidarity-with-ukraine	2
3	https://uni-tuebingen.de/en/uni-a-z	2
3	https://uni-tuebingen.de/en/university/careers	2
3	https://www.wikidata.org/wiki/Q2496347	1
3	https://medicalxpress.com/partners/university-of-t--bingen	2
3	https://tuebingenresearchcampus.com/en/research-in-tuebingen/excellence-initiative	2
3	https://uni-tuebingen.de/en/facilities/university-library/a-z	1
3	https://tuebingenresearchcampus.com/en/research-in-tuebingen/initiatives	2
3	https://www.medizin.uni-tuebingen.de/en-de/das-klinikum/pressemeldungen/meldung/773	1
5	https://www.medizin.uni-tuebingen.de/en-de/patienten-und-besucher/patienten-aus-dem-ausland	0
9	https://tappa-org.github.io/	1
9	https://www.krone-tuebingen.de/en/a-holiday-in-tuebingen/vacation-in-tuebingen	1
11	https://tuebingenresearchcampus.com/en/research-in-tuebingen/tnc/events	1
12	https://uni-tuebingen.de/en/alumni	0
15	https://www.krone-tuebingen.de/en/a-holiday-in-tuebingen/vacation-in-tuebingen	1
14	https://www.krone-tuebingen.de/en/a-holiday-in-tuebingen/old-town-tuebingen	1
14	https://commons.wikimedia.org/wiki/Museum_of_Paleontology_in_T%C3%BCbingen	3
14	https://www.medizin.uni-tuebingen.de/en-de/karriere/leben-in-tuebingen	0
14	https://www.iwm-tuebingen.de/en/experience	1
14	https://uni-tuebingen.de/en/uni-a-z	0
14	https://uni-tuebingen.de/en/university/life-on-campus/culture-and-the-arts	2
14	https://www.unimuseum.uni-tuebingen.de/en/research-education/master-profile-museum-collections-musa/exhibitability-of-sensitive-objects	2
14	https://www.krone-tuebingen.de/en/a-holiday-in-tuebingen/vacation-in-the-swabian-alps	0
14	https://www.outdooractive.com/en/castles-and-forts/tuebingen/castle-and-fort-in-tuebingen/330151936	1
15	https://imprs-mmfd.tuebingen.mpg.de/5004/events-overview	3
15	https://www.ludwigs.cc/en/events-celebrations/events-at-ludwigs	3
15	https://uni-tuebingen.de/en/research/centers-and-institutes/center-for-francophone-worlds	1
15	https://www.krone-tuebingen.de/en/seminars-celebrations/culinary-suggestions/menu-suggestions	1
15	https://uni-tuebingen.de/en/research/centers-and-institutes/college-of-fellows	1
15	https://www.ludwigs.cc/en/events-celebrations	2
15	https://www.kyb.tuebingen.mpg.de/talks-events	3
15	https://uni-tuebingen.de/en/university/life-on-campus/events	3
15	https://www.cmfi.uni-tuebingen.de/en/news-events/mediathek	2
15	https://www.krone-tuebingen.de/en/seminars-celebrations/private-parties-in-tuebingen	2
15	http://cyber-valley.de/en/alumni	1
15	https://www.ludwigs.cc/en	1
15	https://uni-tuebingen.de/en/research/centers-and-institutes/center-for-gender-and-diversity-research-zgd	1
15	https://uni-tuebingen.de/en/university/news-and-publications	2
15	https://uni-tuebingen.de/en	1
1	https://www.krone-tuebingen.de/en/a-holiday-in-tuebingen/carnival-parade-tuebingen	2
2	https://www.ludwigs.cc/en/eat-drink/evening-menu	3
3	https://uni-tuebingen.de/en/international/research/research-alums	2
4	https://www.krone-tuebingen.de/en	0
5	https://www.heatheronhertravels.com/things-to-do-in-tubingen-germany-chocolart	1
6	https://tuebingen.mpg.de/172008/Leben-in-Tuebingen	1
7	https://tuebingenresearchcampus.com/en/research-in-tuebingen/research	1
8	https://justinpluslauren.com/things-to-do-in-garmisch-partenkirchen	0
9	https://www.krone-tuebingen.de/en/a-holiday-in-tuebingen/carnival-parade-tuebingen	3
10	https://tuebingen.ai/news/junior-professor-nicole-ludwig-joins-tuebingen-ai-center	2
11	https://tuebingenresearchcampus.com/en/tuebingen/living-in-tuebingen/mobility/by-bike	1
12	https://tuebingenresearchcampus.com/en/tuebingen/living-in-tuebingen/mobility/by-bike	0
13	https://justinpluslauren.com/things-to-do-in-tubingen-germany	1
14	https://www.heatheronhertravels.com/things-to-do-in-tubingen-germany-chocolart	1
15	https://www.krone-tuebingen.de/en/a-holiday-in-tuebingen/carnival-parade-tuebingen	3
1	https://tuebingen.mpg.de/171978/wissenschaftsstandort-tuebingen	0
1	https://tuebingenresearchcampus.com/campus/partner-institutions/ukt	0
1	https://tuebingenresearchcampus.com/campus/partner-institutions/university-of-tuebingen	0
1	https://tuebingenresearchcampus.com/en/research-in-tuebingen/research	0
1	https://tuebingenresearchcampus.com/en/research-in-tuebingen/tnc/events	0
1	https://tuebingenresearchcampus.com/en/tuebingen	1
1	https://velvetescape.com/things-to-do-in-tubingen	3
1	https://wanderlog.com/explore/11001/tubingen	3
1	https://wanderlog.com/list/itinerary/113361/2-day-tubingen-itinerary	3
1	https://www.krone-tuebingen.de/en/a-holiday-in-tuebingen/umbrian-provencal-market-tuebingen	2
1	https://www.mygermanyvacation.com/best-things-to-do-and-see-in-tubingen-germany	3
2	https://www.krone-tuebingen.de/en/cuisine-indulgence/breakfast	3
2	https://www.ludwigs.cc/en/eat-drink/breakfast-daily-menu	3
2	https://www.ludwigs.cc/en/eat-drink/minute-business-lunch	3
2	https://www.ludwigs.cc/en/eat-drink/seasonal-menus	3
3	https://uni-tuebingen.de/en/alumni	2
3	https://uni-tuebingen.de/en/faculties/faculty-of-humanities/international-1/international-campuses	2
3	https://uni-tuebingen.de/en/international/university	2
3	https://uni-tuebingen.de/en/international/welcome-center/university-services	2
3	https://uni-tuebingen.de/en/university	3
3	https://uni-tuebingen.de/en/university/profile	3
3	https://www.academics.com/guide/working-in-tuebingen	1
3	https://www.shanghairanking.com/institution/university-of-tuebingen	2
4	https://justinpluslauren.com/alternative-things-to-do-in-berlin-computer-museum	0
4	https://justinpluslauren.com/things-to-do-in-tubingen-germany	1
4	https://mewi.pageflow.io/te-pou-o-hinematioro_en	2
4	https://simplifylivelove.com/tubingen-germany	1
4	https://tuebingen.mpg.de/171978/wissenschaftsstandort-tuebingen	0
4	https://uni-tuebingen.de/en/study/prospective-students/tuebingen-as-a-place-to-study	0
4	https://velvetescape.com/things-to-do-in-tubingen	1
4	https://www.heatheronhertravels.com/things-to-do-in-tubingen-germany-chocolart	1
4	https://www.krone-tuebingen.de/en/seminars-celebrations/seminars-conferences	0
4	https://www.mygermanyvacation.com/best-things-to-do-and-see-in-tubingen-germany	1
5	https://en.wikivoyage.org/wiki/T%C3%BCbingen	2
5	https://travel.com/regions/europe/germany/tubingen-germany-best-things-to-do-top-picks	1
5	https://tuebingen.mpg.de/171978/wissenschaftsstandort-tuebingen	0
5	https://tuebingenresearchcampus.com/campus/partner-institutions/ukt	0
5	https://tuebingenresearchcampus.com/campus/partner-institutions/university-of-tuebingen	0
5	https://tuebingenresearchcampus.com/en/campus	0
5	https://tuebingenresearchcampus.com/en/research-in-tuebingen/research	0
5	https://tuebingenresearchcampus.com/en/tuebingen	1
5	https://velvetescape.com/things-to-do-in-tubingen	1
5	https://wanderlog.com/drive/between/11001/9613/tubingen-to-london-drive	0
5	https://wanderlog.com/drive/between/11001/9668/tubingen-to-zurich-drive	0
5	https://wanderlog.com/drive/between/11001/9682/tubingen-to-cologne-drive	0
5	https://wanderlog.com/drive/between/11001/9738/tubingen-to-dusseldorf-drive	0
5	https://wanderlog.com/geoInMonth/11001/10/tubingen-in-october	1
5	https://wanderlog.com/geoInMonth/11001/6/tubingen-in-june	1
5	https://wanderlog.com/list/itinerary/113361/2-day-tubingen-itinerary	1
6	https://en.wikipedia.org/wiki/T%C3%BCbingen_Hauptbahnhof	3
6	https://en.wikipedia.org/wiki/Tübingen_West_station	2
6	https://tuebingenresearchcampus.com/en/tuebingen/living-in-tuebingen/mobility/beyond-tuebingen	3
6	https://uni-tuebingen.de/en/study/prospective-students/tuebingen-as-a-place-to-study	1
6	https://www.mygermanyvacation.com/best-things-to-do-and-see-in-tubingen-germany	1
7	https://tuebingenresearchcampus.com/campus/partner-institutions/ukt	0
7	https://tuebingenresearchcampus.com/campus/partner-institutions/university-of-tuebingen	1
7	https://tuebingenresearchcampus.com/en/campus	0
7	https://tuebingenresearchcampus.com/en/campus/tuebingen-research-campus	0
7	https://tuebingenresearchcampus.com/en/tuebingen/accommodations/finding-a-home	2
7	https://tuebingenresearchcampus.com/en/tuebingen/accommodations/short-term-stays	1
7	https://tuebingenresearchcampus.com/en/tuebingen/living-in-tuebingen/learning-german	1
7	https://tuebingenresearchcampus.com/en/tuebingen/living-in-tuebingen/mobility/by-bike	1
7	https://tuebingenresearchcampus.com/research-in-tuebingen/tnc	0
7	https://tuebingenresearchcampus.com/tuebingen/personal-support	1
8	https://en.wikivoyage.org/wiki/Baden-W%C3%BCrttemberg	1
8	https://en.wikivoyage.org/wiki/T%C3%BCbingen	1
8	https://simplifylivelove.com/tubingen-germany	1
8	https://tuebingen.mpg.de/171978/wissenschaftsstandort-tuebingen	0
8	https://tuebingenresearchcampus.com/campus/partner-institutions/ukt	0
8	https://tuebingenresearchcampus.com/campus/partner-institutions/university-of-tuebingen	0
8	https://tuebingenresearchcampus.com/en/campus	0
8	https://tuebingenresearchcampus.com/en/research-in-tuebingen/research	0
8	https://tuebingenresearchcampus.com/en/tuebingen	0
8	https://tuebingenresearchcampus.com/en/tuebingen/living-in-tuebingen/mobility	0
8	https://tuebingenresearchcampus.com/tuebingen/accommodations/finding-a-home/neighborhoods	0
8	https://velvetescape.com/things-to-do-in-tubingen	1
8	https://www.heatheronhertravels.com/things-to-do-in-tubingen-germany-chocolart	0
8	https://www.krone-tuebingen.de/en	0
8	https://www.mygermanyvacation.com/best-things-to-do-and-see-in-tubingen-germany	1
9	http://www.uni-tuebingen.de/en/university/public-engagement/the-childrens-university-of-tuebingen	1
9	https://tuebingenresearchcampus.com/en/research-in-tuebingen/tnc/events	2
9	https://tuebingenresearchcampus.com/en/research-in-tuebingen/tnc/events/upcoming-events	2
9	https://uni-tuebingen.de/en/alumni	0
9	https://uni-tuebingen.de/en/research/centers-and-institutes/tuebingen-forum-for-science-and-humanities/tfw	1
9	https://uni-tuebingen.de/en/university/public-engagement/programs-for-citizens	2
9	https://www.hotel-domizil.com/en/urlaub	0
9	https://www.krone-tuebingen.de/en/seminars-celebrations	1
9	https://www.krone-tuebingen.de/en/seminars-celebrations/seminar-request	0
9	https://www.krone-tuebingen.de/en/seminars-celebrations/seminars-conferences	1
10	https://celestine.ai	2
10	https://cyber-valley.de/en/events/tubingen-conference-for-ai-and-law	2
10	https://cyber-valley.de/en/jobs/research-manager-ellis-institute-tuebingen	1
10	https://cyber-valley.de/en/news/first-ellis-institute-in-tubingen-gets-go-ahead	3
10	https://fridaytalks.github.io	2
10	https://research.doshisha.ac.jp/news/news-detail-72	1
10	https://tappa-org.github.io/science-slam	2
11	https://tuebingenresearchcampus.com/campus/partner-institutions/ukt	0
11	https://tuebingenresearchcampus.com/campus/partner-institutions/university-of-tuebingen	0
11	https://tuebingenresearchcampus.com/en/campus	0
11	https://tuebingenresearchcampus.com/en/campus/partner-institutions/wct-ie	0
11	https://tuebingenresearchcampus.com/en/research-in-tuebingen/research	0
11	https://tuebingenresearchcampus.com/en/research-in-tuebingen/resources	0
11	https://tuebingenresearchcampus.com/en/research-in-tuebingen/thats-my-science/florian	0
11	https://tuebingenresearchcampus.com/en/research-in-tuebingen/thats-my-science/marianne	0
11	https://tuebingenresearchcampus.com/en/research-in-tuebingen/tnc/events/upcoming-events	1
11	https://tuebingenresearchcampus.com/en/research-in-tuebingen/tnc/jobs	0
11	https://tuebingenresearchcampus.com/en/tuebingen	1
11	https://tuebingenresearchcampus.com/en/tuebingen/living-in-tuebingen/learning-german	0
11	https://tuebingenresearchcampus.com/tuebingen/accommodations/finding-a-home/neighborhoods	0
11	https://www.mygermanyvacation.com/best-things-to-do-and-see-in-tubingen-germany	3
12	https://tuebingenresearchcampus.com/campus/partner-institutions/ukt	0
12	https://tuebingenresearchcampus.com/campus/partner-institutions/university-of-tuebingen	0
12	https://tuebingenresearchcampus.com/en/campus	0
12	https://tuebingenresearchcampus.com/en/campus/tuebingen-research-campus	0
12	https://tuebingenresearchcampus.com/en/research-in-tuebingen/thats-my-science/marianne	0
12	https://tuebingenresearchcampus.com/en/research-in-tuebingen/tnc/people-of-the-tnc	0
12	https://tuebingenresearchcampus.com/en/tuebingen/accommodations/short-term-stays	2
12	https://tuebingenresearchcampus.com/en/tuebingen/living-in-tuebingen	1
12	https://tuebingenresearchcampus.com/en/tuebingen/paperwork/rights	0
12	https://tuebingenresearchcampus.com/tuebingen/accommodations/finding-a-home/neighborhoods	2
12	https://tuebingenresearchcampus.com/tuebingen/personal-support	0
13	https://tuebingen.ai/wiki/housing-and-cost-of-living	1
13	https://tuebingenresearchcampus.com/en/tuebingen/living-in-tuebingen/mobility/by-public-transport	3
13	https://uni-tuebingen.de/en/university/careers/international-researchers	0
13	https://www.krone-tuebingen.de/en/seminars-celebrations/supporting-program	0
13	https://www.outdooractive.com/en/route/city-walk/schwaebische-alb/city-route-tuebingen-old-town/22438144	1
14	https://tuebingen.mpg.de/171978/wissenschaftsstandort-tuebingen	0
14	https://uni-tuebingen.de/en/study/prospective-students/tuebingen-as-a-place-to-study	0
14	https://velvetescape.com/things-to-do-in-tubingen	1
14	https://www.krone-tuebingen.de/en/seminars-celebrations/seminars-conferences	0
14	https://www.mygermanyvacation.com/best-things-to-do-and-see-in-tubingen-germany	1
15	http://www.uni-tuebingen.de/en/university/public-engagement/the-childrens-university-of-tuebingen	1
15	https://tuebingenresearchcampus.com/en/research-in-tuebingen/tnc/events	2
15	https://tuebingenresearchcampus.com/en/research-in-tuebingen/tnc/events/upcoming-events	2
15	https://uni-tuebingen.de/en/research/centers-and-institutes/tuebingen-forum-for-science-and-humanities/tfw	1
15	https://uni-tuebingen.de/en/study/steps-towards-employment	0
15	https://www.hotel-domizil.com/en/urlaub	0
15	https://www.krone-tuebingen.de/en/cuisine-indulgence/restaurant-ludwigs	0
15	https://www.krone-tuebingen.de/en/seminars-celebrations	1
15	https://www.krone-tuebingen.de/en/seminars-celebrations/seminar-request	0
# Depth-5 crawl pool: previously unjudged Top-20 results.
1	https://audiala.com/en/germany/tubingen/kunsthalle-tubingen	3
2	http://imprs.is.mpg.de/en/events/2026-cactus-scientific-symposium	0
2	https://cyber-valley.de/en/events/cyber-valley-meet-up-06	0
2	https://cyber-valley.de/en/events/meet-up-03	0
3	https://uni-tuebingen.de/en/research/core-research/lead-graduate-school-research-network/about/members	2
3	https://en.wikipedia.org/wiki/Eberhard_Karls_University_of_Tübingen	3
3	https://uni-tuebingen.de/en/facilities/university-library/home.html	2
4	https://uni-tuebingen.de/en/218292	0
4	https://uni-tuebingen.de/en/6216	0
6	https://www.ph-ludwigsburg.de/en/directions-maps	0
6	https://uni-tuebingen.de/en/study/student-life/semester-ticket.html	3
6	https://uni-tuebingen.de/en/faculties/faculty-of-science/departments/interfaculty-facilities/imit/research-groups/infection-biology/info	1
8	https://uni-tuebingen.de/en/international/learning-languages/foreign-language-center/languages-and-courses/language-cafes	0
8	https://krone-tuebingen.de/en/a-holiday-in-tuebingen/vacation-in-tuebingen	2
9	https://www.eventbrite.com/d/germany--tübingen/wasn	3
9	https://allevents.in/org/swingcake-tübingen/24772669	2
10	https://tuebingen.ai/news/page-2	3
11	https://globaltravelescapades.com/things-to-do-in-tubingen-germany	3
11	https://www.eventbrite.com/d/germany--tübingen/wasn	2
12	https://www.uni-tuebingen.de/en/einrichtungen/zentrale-einrichtungen/tuebingen-school-of-education-tuese/internationalization-1/offers-for-university-lecturers-and-researchers	0
12	https://uni-tuebingen.de/en/excellence-strategy/information/calls-for-proposals/tuebingen-reloaded	0
12	https://uni-tuebingen.de/en/10573	0
12	https://uni-tuebingen.de/en/research/innovation/startup-center/events	0
12	https://uni-tuebingen.de/en/22463	0
12	https://uni-tuebingen.de/en/271095	0
13	https://www.bikemap.net/en/l/2820860	2
13	https://uni-tuebingen.de/en/international/learning-languages/international-in-tuebingen/student-clubs-and-get-togethers	0
13	https://uni-tuebingen.de/en/alumni/get-involved-2	0
13	https://globaltravelescapades.com/things-to-do-in-tubingen-germany	2
13	https://www.mygermanuniversity.com/universities/University-of-Tuebingen/master/top-programs	0
13	https://www.mygermanuniversity.com/universities/University-of-Tuebingen/bachelor/top-programs	0
14	https://uni-tuebingen.de/en/218292	0
14	https://uni-tuebingen.de/en/6216	0
15	https://www.eventbrite.com/d/germany--tübingen/wasn	3
15	https://allevents.in/org/swingcake-tübingen/24772669	2
16	https://www.amazon.jobs/en/locations/tubingen-germany	0
17	https://uni-tuebingen.de/en/study/application-and-enrollment/bachelors-degree	3
17	https://www.uni-tuebingen.de/en/international/study-in-tuebingen/degree-seeking-students/faq/application	3
17	https://uni-tuebingen.de/en/international/study-in-tuebingen/degree-seeking-students/application-and-admission-of-international-students/undergraduate-courses	3
17	https://uni-tuebingen.de/en/study/organizing-your-studies/semester-and-study-planning/termination-of-enrollment	0
17	https://uni-tuebingen.de/en/study/application-and-enrollment/advanced-semesters	3
17	https://uni-tuebingen.de/en/international/study-in-tuebingen/degree-seeking-students/application-and-admission-of-international-students/masters-courses	3
18	https://vostel.de/en/volunteering/organisations/1641_Bahnhofsmission-Tuebingen	2
18	https://uni-tuebingen.de/en/university/how-to-get-here	2
18	https://en.wikipedia.org/wiki/Tübingen–Horb_railway	2
18	https://en.wikipedia.org/wiki/Horb_station	0
18	https://vostel.de/en/volunteering/projects/6785_Bahnhofsmission-Tuebingen_Be-a-contact-person-for-people-in-emergency-situations-at-the-trainstation_Tuebingen	1
18	https://en.wikipedia.org/wiki/Tübingen_Hauptbahnhof	3
18	https://www.ph-ludwigsburg.de/en/directions-maps	0
18	https://uni-tuebingen.de/en/faculties/faculty-of-science/departments/interfaculty-facilities/imit/research-groups/infection-biology/info	1
18	https://www.kyb.tuebingen.mpg.de/738677/local-information	2
19	https://en.wikipedia.org/wiki/Eberhard_Karls_University_of_Tübingen	2
20	https://uni-tuebingen.de/en/169635	3
20	https://www.kyb.tuebingen.mpg.de/738677/local-information	3
20	https://uni-tuebingen.de/en/faculties/faculty-of-science/departments/interfaculty-facilities/imit/research-groups/infection-biology/info	2
20	http://www.bioforce.uni-tuebingen.de/en/site.php	2
# RRF k=60 pool: previously unjudged Top-20 results.
1	https://www.cozycozy.com/ie/tubingen-apartments	1
1	https://www.krone-tuebingen.de/en/a-holiday-in-tuebingen/day-trip-to-stuttgart	0
1	https://audiala.com/en/germany/tubingen	3
1	https://www.minube.net/place/tubingeb-a3636731	3
1	https://www.ostrichtrails.com/europe/germany/tubingen-walking-tour	3
1	https://www.minube.net/photos/tubingen-c216356	1
2	https://www.my-stuwe.de/en/keyword/ice-cream	2
2	https://www.my-stuwe.de/en/study-with-cool-head	2
2	https://www.my-stuwe.de/en/refectory/refectory-trossingen	1
2	https://www.my-stuwe.de/en/keyword/tuebingen-en	2
2	https://www.my-stuwe.de/en/keyword/mensa-en/page/2	0
3	https://limits2vision.net/people	1
3	https://www.uni-tuebingen.de/en/international/university/partnerships/doshisha-university	2
3	https://www.uni-tuebingen.de/en/university.html	3
3	https://uni-tuebingen.de/en/university/news-and-publications/social-media	2
3	https://uni-tuebingen.de/en/faculties/faculty-of-science/departments/physics/studies/international	2
3	https://uni-tuebingen.de/en/university/news-and-publications/attempto-online/newsfullview-attempto-en/article/the-university-of-tuebingen-strengthens-ties-with-the-university-of-the-witwatersrand	1
4	https://rausgegangen.de/locations/museum-der-universitat-tubingen-mut	3
4	https://audiala.com/en/germany/tubingen/university-of-tubingen	1
4	https://krone-tuebingen.de/en/holiday-in-tuebingen/sightseeing-tuebingen-surroundings	3
4	https://whichmuseum.com/museum/stadtmuseum-tubingen-26663	3
4	https://www.krone-tuebingen.de/en/a-holiday-in-tuebingen/day-trip-to-stuttgart	0
5	https://rhet.ai/en/2024/05/02/persuasive-algorithms	1
5	https://allevents.in/tubingen/auf-die-lauscher/200030431227450	0
5	https://www.cozycozy.com/ie/tubingen-holiday-rentals	1
6	https://www.cozycozy.com/ie/tubingen-apartments	1
6	https://hiiker.app/hikes/germany/tubingen/gartenstadt-and-blasibad-loop-via-river-steinlach	1
7	https://uni-tuebingen.de/en/study/student-life/student-housing	3
8	https://hiiker.app/hikes/germany/tubingen/easy	3
8	https://hiiker.app/hikes/germany/tubingen/neckar-and-oberes-stenach-loop	3
8	https://www.krone-tuebingen.de/en/holiday-in-tuebingen/altstadt-tuebingen	0
8	https://visit-tubingen.co.uk/welcome-to-tubingen	2
8	https://hiiker.app/hikes/germany/tubingen/neckar-walk	3
9	https://allevents.in/tubingen/beer	3
9	https://allevents.in/tubingen/guitar	3
10	https://uni-tuebingen.de/en/university/news-and-publications/press-releases/press-releases/article/breakthrough-for-two-university-of-tuebingen-ai-startups	3
11	https://www.minube.net/photos/tubingen-c216356	1
11	https://www.ostrichtrails.com/europe/germany/tubingen-walking-tour	3
11	https://www.eventbrite.com/d/germany--tübingen/health--events--this-weekend	2
11	https://allevents.in/tubingen	3
12	https://www.uni-tuebingen.de/en/international/study-in-tuebingen/degree-seeking-students/faq/after-graduation	0
13	https://maxplanckneuroscience.org/why-do-we-get-cyber-sick	0
14	https://rausgegangen.de/locations/museum-der-universitat-tubingen-mut	3
14	https://krone-tuebingen.de/en/holiday-in-tuebingen/sightseeing-tuebingen-surroundings	3
14	https://www.krone-tuebingen.de/en/holiday-in-tuebingen/altstadt-tuebingen	2
14	https://www.krone-tuebingen.de/en/a-holiday-in-tuebingen/day-trip-to-stuttgart	0
16	https://www.cozycozy.com/ie/tubingen-hotels	1
16	https://www.krone-tuebingen.de/en/a-holiday-in-tuebingen/events	2
16	https://www.krone-tuebingen.de/en/a-holiday-in-tuebingen/art-culture	0
17	https://www.medizin.uni-tuebingen.de/en-de/karriere/faq-bewerbung	0
17	https://uni-tuebingen.de/en/study/application-and-enrollment/enrolling-at-the-university-of-tuebingen/online-enrollment-form	3
17	https://uni-tuebingen.de/en/fakultaeten/mathematisch-naturwissenschaftliche-fakultaet/fachbereiche/biologie/institute/neurobiologie/msc-neurobiology/application-admission	3
18	https://en.wikipedia.org/wiki/Fils_Valley_Railway	0
18	https://en.wikipedia.org/wiki/Ammer_Valley_Railway	2
18	https://en.wikipedia.org/wiki/Erms_Valley_Railway	1
19	https://www.songkick.com/metro-areas/28594-germany-tubingen	3
19	https://audiala.com/en/germany/tubingen	1
19	https://www.minube.net/place/tubingeb-a3636731	0
20	https://krone-tuebingen.de/en/a-holiday-in-tuebingen/car-toy-museum-boxenstopp-tuebingen	2
20	https://simplifylivelove.com/tubingen-germany	0
20	https://www.jugendherberge.de/en/youth-hostels/tuebingen	2
# Title/best/top-3 semantic pool: previously unjudged Top-20 results.
1	https://audiala.com/en/germany/tubingen/zimmertheater-tubingen	2
3	http://www.uni-tuebingen.de/en/faculties/faculty-of-science/departments/chemistry/news	1
3	https://uni-tuebingen.de/en/forschung/zentren-und-institute/china-centrum-tuebingen-cct/aktuelles/news	1
3	https://uni-tuebingen.de/en/faculties/faculty-of-science/departments/biology/institutes/evolution-and-ecology/eve-groups/comparative-zoology/teaching	1
3	http://www.uni-tuebingen.de/en/faculties/faculty-of-science/departments/chemistry/institutes/organic-chemistry/institute/beuerle-group/group	1
3	https://www.uni-tuebingen.de/en/faculties/faculty-of-science/departments/interfaculty-facilities/ifib/institute/organisation	1
3	https://uni-tuebingen.de/en/faculties/faculty-of-humanities/departments/asian-and-oriental-studies/gremien-1	1
3	http://www.uni-tuebingen.de/en/faculties/faculty-of-science/departments/psychology/news	1
3	https://uni-tuebingen.de/en/research/centers-and-institutes/center-for-brazil-and-latin-america/news	1
3	https://www.uni-tuebingen.de/en/faculties/faculty-of-science/departments/biology/department-of-biology/internal	0
3	https://uni-tuebingen.de/en/faculties/faculty-of-science/departments/psychology/research-groups/visual-and-cognitive-neuroscience/research	1
3	https://uni-tuebingen.de/en/faculties/faculty-of-science/departments/psychology/study	2
9	https://www.uni-tuebingen.de/en/faculties/protestant-theology/news/news-and-events	1
19	https://www.krone-tuebingen.de/en/a-holiday-in-tuebingen/events	2
19	https://www.minube.net/where-to-stay/germany/baden-wurttemberg/tubingen	0
